national_grid_bm_unit,elexon_bm_unit,lead_party_name,bm_unit_type,generation_capacity_mw,fuel_type
ABERU-1,E_ABERDARE,UK Power Reserve Limited,E,15.4,OCGT
ABRBO-1,T_ABRBO-1,Aberdeen Offshore Wind Farm,T,99.0,WIND
ABRTW-1,E_ABRTW-1,Npower Commercial Gas Limited,E,36.0,WIND
ACHAI-1,,,,,WIND
ACHLW-1,C__PSMAR001,Smartestenergy Limited,S,11.282,WIND
ACHRW-1,T_ACHRW-1,Mobius Renewables Gen. (GB2,T,42.6,WIND
ACHYW-1,,,,,WIND
AD-JEDF02,,,,,OCGT
AD-JEDF03,,,,,OCGT
AFTOW-1,T_AFTOW-1,Afton Wind Farm Limited,T,50.0,WIND
AG-ADL00B,V__BADEL001,Adela Energy Ltd,V,0.0,GAS
AG-ADL01M,V__MADEL001,Adela Energy Ltd,V,0.0,GAS
AG-ADL02G,V__GADEL001,Adela Energy Ltd,V,0.0,GAS
AG-ADL03E,V__EADEL001,Adela Energy Ltd,V,0.0,GAS
AG-ADL04H,V__JADEL001,Adela Energy Ltd,V,0.0,GAS
AG-ADL05H,V__HADEL002,Adela Energy Ltd,V,0.0,OTHER
AG-AECO01,2__AECOT003,ECOTRICITY LIMITED,S,0.0,SOLAR
AG-AEDF01,2__ALOND001,EDF Energy Customers Limited,S,0.0,SOLAR
AG-AEDF03,2__ALOND003,EDF Energy Customers Limited,S,0.0,OCGT
AG-AEDF04,2__ALOND004,EDF Energy Customers Limited,S,0.0,BATTERIES
AG-AFLX03,2__AFLEX003,Flexitricity Limited,S,49.0,GAS
AG-AFLX04,2__AFLEX004,Flexitricity Limited,S,49.0,GAS
AG-AFLX05,2__AFLEX005,Flexitricity Limited,S,49.0,GAS
AG-AHAR01,2__APOWQ001,Hartree Partners Supply UK,S,7.5,BATTERIES
AG-ALIM02,2__AANGE001,Limejump Energy Limited,S,80.0,BATTERIES
AG-ALIM03,2__AANGE002,Limejump Energy Limited,S,50.0,BATTERIES
AG-ALIM04,2__AANGE003,Limejump Energy Limited,S,0.0,OTHER
AG-AOCT01,2__AMRCY001,Octopus Energy Limited,S,15.96,LOAD RESPONSE
AG-ASTK01,2__ASTAT001,Statkraft Markets Gmbh,S,20.0,OTHER
AG-ASTK02,2__ASTAT002,Statkraft Markets Gmbh,S,20.0,OTHER
AG-ASTK03,2__ASTAT003,Statkraft Markets Gmbh,S,42.0,GAS
AG-ASTK04,2__ASTAT004,Statkraft Markets Gmbh,S,5.0,BATTERIES
AG-ASTK05,2__ASTAT005,Statkraft Markets Gmbh,S,50.0,BATTERIES
AG-ASTK06,2__ASTAT006,Statkraft Markets Gmbh,S,20.0,OTHER
AG-ASTK07,2__ASTAT007,Statkraft Markets Gmbh,S,20.0,OTHER
AG-ASTK08,2__ASTAT008,Statkraft Markets Gmbh,S,16.0,OTHER
AG-ASTK09,2__ASTAT009,Statkraft Markets Gmbh,S,12.0,BATTERIES
AG-AUKP01,2__AUKPR001,UK Power Reserve Limited,S,20.0,GAS
AG-AUKP02,2__AUKPR002,UK Power Reserve Limited,S,20.0,GAS
AG-AUKP03,2__AUKPR003,UK Power Reserve Limited,S,20.0,GAS
AG-AXL00K,V__KAXLE001,Axle Energy Limited,V,0.0,LOAD RESPONSE
AG-BEDF03,2__BLOND003,EDF Energy Customers Limited,S,20.0,WIND
AG-BEDF04,2__BLOND004,EDF Energy Customers Limited,S,0.0,BATTERIES
AG-BEDG01,2__BEDGE001,Edgware Energy Limited,S,54.785,SOLAR
AG-BFLX01,2__BFLEX001,Flexitricity Limited,S,49.0,BATTERIES
AG-BFLX03,2__BFLEX003,Flexitricity Limited,S,49.0,GAS
AG-BFLX04,2__BFLEX004,Flexitricity Limited,S,49.0,BATTERIES
AG-BHAR01,2__BPOWQ001,Hartree Partners Supply UK,S,8.0,GAS
AG-BLIM02,2__BANGE001,Limejump Energy Limited,S,50.0,BATTERIES
AG-BLIM03,2__BANGE002,Limejump Energy Limited,S,50.0,BATTERIES
AG-BLIM04,2__BANGE003,Limejump Energy Limited,S,2.08,PS
AG-BOCT01,2__BMRCY001,Octopus Energy Limited,S,0.0,LOAD RESPONSE
AG-BSMA01,2__BSMAR002,Smartestenergy Limited,S,50.0,OTHER
AG-BSTK03,2__BSTAT003,Statkraft Markets Gmbh,S,16.0,GAS
AG-BSTK04,2__BSTAT004,Statkraft Markets Gmbh,S,10.0,GAS
AG-BUKP01,2__BUKPR001,UK Power Reserve Limited,S,10.359,BATTERIES
AG-BUKP02,2__BUKPR002,UK Power Reserve Limited,S,20.0,GAS
AG-BUKP03,2__BUKPR003,UK Power Reserve Limited,S,20.0,GAS
AG-CBS02L,V__LCEND001,Centrica Business Solutions UK,V,0.0,BATTERIES
AG-CBS05L,V__LCEND005,Centrica Business Solutions UK,V,0.0,BATTERIES
AG-CBS06B,V__BCEND004,Centrica Business Solutions UK,V,0.0,BATTERIES
AG-CBS07B,V__ECEND007,Centrica Business Solutions UK,V,0.0,LOAD RESPONSE
AG-CBS08M,V__MCEND001,Centrica Business Solutions UK,V,0.0,BATTERIES
AG-COCT01,2__CMRCY002,Octopus Energy Limited,S,0.0,LOAD RESPONSE
AG-CRE00A,,,,,DIESEL
AG-CRE01K,,,,,DIESEL
AG-CRE02L,,,,,DIESEL
AG-DEDF01,2__DLOND001,EDF Energy Customers Limited,S,24.0,GAS
AG-DEDF02,2__DLOND002,EDF Energy Customers Limited,S,24.0,OCGT
AG-DLIM01,2__DANGE001,Limejump Energy Limited,S,50.0,BATTERIES
AG-DOCT01,2__DMRCY001,Octopus Energy Limited,S,0.0,LOAD RESPONSE
AG-DSK01G,V__GDSKC001,Danske Commodities A/S,V,0.0,BATTERIES
AG-DSK01H,V__HDSKC001,Danske Commodities A/S,V,0.0,BATTERIES
AG-DSTK01,2__DSTAT001,Statkraft Markets Gmbh,S,20.0,GAS
AG-DSTK02,2__DSTAT002,Statkraft Markets Gmbh,S,14.0,GAS
AG-DSTK03,2__DSTAT003,Statkraft Markets Gmbh,S,20.0,GAS
AG-DSTK04,2__DSTAT004,Statkraft Markets Gmbh,S,16.0,GAS
AG-DSTK05,2__DSTAT005,Statkraft Markets Gmbh,S,16.0,GAS
AG-DSTK07,2__DSTAT007,Statkraft Markets Gmbh,S,30.0,GAS
AG-DUKP01,2__DUKPR001,UK Power Reserve Limited,S,20.0,BATTERIES
AG-DUKP02,2__DUKPR002,UK Power Reserve Limited,S,20.0,GAS
AG-DUKP08,2__DUKPR008,UK Power Reserve Limited,S,20.0,BATTERIES
AG-EDF01C,V__AFEEL002,EDF Energy Limited,V,90.0,BATTERIES
AG-EEDF02,2__ELOND002,EDF Energy Customers Limited,S,6.0,OCGT
AG-EFLX02,2__EFLEX002,Flexitricity Limited,S,49.0,BATTERIES
AG-EFLX03,2__EFLEX003,Flexitricity Limited,S,49.0,GAS
AG-EFLX04,2__EFLEX004,Flexitricity Limited,S,49.0,OTHER
AG-EFSE01,,,,,BATTERIES
AG-ELIM02,2__EANGE001,Limejump Energy Limited,S,50.0,BATTERIES
AG-ELIM03,2__EANGE002,Limejump Energy Limited,S,50.0,BATTERIES
AG-EOCT01,2__EMRCY001,Octopus Energy Limited,S,0.0,LOAD RESPONSE
AG-ERV01M,V__MEROV001,Erova Energy Limited,V,0.0,GAS
AG-ESTK01,2__ESTAT001,Statkraft Markets Gmbh,S,20.0,GAS
AG-ESTK03,2__ESTAT003,Statkraft Markets Gmbh,S,18.0,GAS
AG-ESTK05,2__ESTAT005,Statkraft Markets Gmbh,S,20.0,GAS
AG-EUKP01,2__EUKPR001,UK Power Reserve Limited,S,20.0,GAS
AG-EXE00E,V__EEXRG001,Exergy Solutions Limited,V,0.0,BATTERIES
AG-FFLX01,2__FFLEX001,Flexitricity Limited,S,49.0,GAS
AG-FLIM02,2__FANGE002,Limejump Energy Limited,S,50.0,BATTERIES
AG-FLX00L,V__LFLEX001,Flexitricity Limited,V,3.738,BATTERIES
AG-FLX02N,V__NFLEX001,Flexitricity Limited,V,0.0,BATTERIES
AG-FLX06M,V__MFLEX001,Flexitricity Limited,V,0.0,BATTERIES
AG-FLX09A,V__AFLEX002,Flexitricity Limited,V,0.0,GAS
AG-FLX0AA,V__AFLEX003,Flexitricity Limited,V,0.0,BATTERIES
AG-FLX0BH,V__HFLEX002,Flexitricity Limited,V,0.0,BATTERIES
AG-FLX0CN,V__NFLEX003,Flexitricity Limited,V,0.0,BATTERIES
AG-FOCT01,2__FMRCY001,Octopus Energy Limited,S,0.0,LOAD RESPONSE
AG-FOR01G,V__GFORS001,Forsa Trading Limited,V,0.0,GAS
AG-FOR01N,V__NFORS001,Forsa Trading Limited,V,0.0,GAS
AG-FOR02N,V__NFORS003,Forsa Trading Limited,V,20.0,GAS
AG-FSTK02,2__FSTAT002,Statkraft Markets Gmbh,S,50.0,GAS
AG-FSTK03,2__FSTAT003,Statkraft Markets Gmbh,S,50.0,GAS
AG-GBL01B,V__BGBLO001,GridBeyond Limited,V,0.0,LOAD RESPONSE
AG-GBL01G,V__GGBLO027,GridBeyond Limited,V,0.0,LOAD RESPONSE
AG-GBL01K,V__KGBLO029,GridBeyond Limited,V,0.0,BATTERIES
AG-GBL02E,V__EGBLO001,GridBeyond Limited,V,0.0,LOAD RESPONSE
AG-GBL02K,V__KGBLO031,GridBeyond Limited,V,0.0,LOAD RESPONSE
AG-GBL03F,V__FGBLO001,GridBeyond Limited,V,0.0,LOAD RESPONSE
AG-GBL04M,V__MGBLO001,GridBeyond Limited,V,0.0,LOAD RESPONSE
AG-GBL05D,V__DGBLO001,GridBeyond Limited,V,0.0,GAS
AG-GBL06G,V__GGBLO001,GridBeyond Limited,V,0.0,LOAD RESPONSE
AG-GBL07N,V__NGBLO001,GridBeyond Limited,V,0.0,LOAD RESPONSE
AG-GBL08H,V__HGBLO001,GridBeyond Limited,V,0.0,LOAD RESPONSE
AG-GBL08N,V__NGBLO002,GridBeyond Limited,V,0.0,LOAD RESPONSE
AG-GBL09B,V__BGBLO009,GridBeyond Limited,V,0.0,BATTERIES
AG-GBL09H,V__HGBLO030,GridBeyond Limited,V,0.0,LOAD RESPONSE
AG-GBL0AE,V__EGBLO010,GridBeyond Limited,V,0.0,BATTERIES
AG-GBL0BE,V__EGBLO011,GridBeyond Limited,V,0.0,BATTERIES
AG-GBL0CE,V__EGBLO012,GridBeyond Limited,V,0.0,BATTERIES
AG-GBL0DN,V__NGBLO013,GridBeyond Limited,V,2.829,BATTERIES
AG-GBL0EN,V__NGBLO014,GridBeyond Limited,V,0.514,BATTERIES
AG-GBL0FM,V__MGBLO015,GridBeyond Limited,V,0.0,BATTERIES
AG-GBL0GM,V__MGBLO016,GridBeyond Limited,V,0.0,BATTERIES
AG-GBL0HM,V__MGBLO017,GridBeyond Limited,V,0.0,BATTERIES
AG-GBL0IA,V__AGBLO018,GridBeyond Limited,V,0.0,LOAD RESPONSE
AG-GBL0JP,V__PGBLO019,GridBeyond Limited,V,0.0,LOAD RESPONSE
AG-GBL0KB,V__BGBLO020,GridBeyond Limited,V,0.0,BATTERIES
AG-GBL0LB,V__BGBLO021,GridBeyond Limited,V,0.0,GAS
AG-GBL0MM,V__MGBLO022,GridBeyond Limited,V,0.0,GAS
AG-GBL0NN,V__NGBLO023,GridBeyond Limited,V,0.0,GAS
AG-GBL0OH,V__HGBLO024,GridBeyond Limited,V,0.0,GAS
AG-GBL0PE,V__EGBLO025,GridBeyond Limited,V,0.0,GAS
AG-GEDF03,2__GLOND003,EDF Energy Customers Limited,S,50.0,OCGT
AG-GEDF04,2__GLOND004,EDF Energy Customers Limited,S,24.0,OCGT
AG-GEDF05,2__GLOND005,EDF Energy Customers Limited,S,24.0,BATTERIES
AG-GFLX01,2__GFLEX001,Flexitricity Limited,S,49.0,GAS
AG-GFLX02,2__GFLEX002,Flexitricity Limited,S,49.0,GAS
AG-GFLX03,2__GFLEX003,Flexitricity Limited,S,49.0,CCGT
AG-GFLX04,2__GFLEX004,Flexitricity Limited,S,49.0,GAS
AG-GFLX05,2__GFLEX005,Flexitricity Limited,S,49.0,GAS
AG-GFLX06,2__GFLEX006,Flexitricity Limited,S,49.0,GAS
AG-GFLX07,2__GFLEX007,Flexitricity Limited,S,49.0,GAS
AG-GFLX08,2__GFLEX008,Flexitricity Limited,S,49.0,BATTERIES
AG-GFLX09,2__GFLEX009,Flexitricity Limited,S,49.0,BATTERIES
AG-GLIM01,2__GANGE001,Limejump Energy Limited,S,50.0,BATTERIES
AG-GLIM02,2__GANGE002,Limejump Energy Limited,S,50.0,BATTERIES
AG-GLIM03,2__GANGE003,Limejump Energy Limited,S,10.321,OTHER
AG-GLIM04,2__GANGE004,Limejump Energy Limited,S,20.34,OTHER
AG-GOCT01,2__GMRCY001,Octopus Energy Limited,S,0.0,LOAD RESPONSE
AG-GSMA02,2__GSMAR002,Smartestenergy Limited,S,0.0,GAS
AG-GSTK07,2__GSTAT007,Statkraft Markets Gmbh,S,8.0,GAS
AG-GSTK08,2__GSTAT008,Statkraft Markets Gmbh,S,22.0,GAS
AG-GSTK09,2__GSTAT009,Statkraft Markets Gmbh,S,16.0,BATTERIES
AG-GSTK10,2__GSTAT010,Statkraft Markets Gmbh,S,16.0,GAS
AG-GSTK11,2__GSTAT011,Statkraft Markets Gmbh,S,14.0,GAS
AG-GSTK12,2__GSTAT012,Statkraft Markets Gmbh,S,16.0,GAS
AG-GSTK13,2__GSTAT013,Statkraft Markets Gmbh,S,14.0,GAS
AG-GSTK14,2__GSTAT014,Statkraft Markets Gmbh,S,16.0,GAS
AG-GSTK15,2__GSTAT015,Statkraft Markets Gmbh,S,16.0,GAS
AG-GSTK16,2__GSTAT016,Statkraft Markets Gmbh,S,8.0,BATTERIES
AG-GSTK17,2__GSTAT017,Statkraft Markets Gmbh,S,31.253,GAS
AG-GUKP01,2__GUKPR001,UK Power Reserve Limited,S,20.0,GAS
AG-HAB01B,V__BHABI013,Habitat Energy Limited,V,0.0,BATTERIES
AG-HAB01D,V__GHABI016,Habitat Energy Limited,V,0.0,BATTERIES
AG-HAB01F,V__FHABI014,Habitat Energy Limited,V,0.0,BATTERIES
AG-HAB01J,V__JHABI009,Habitat Energy Limited,V,0.0,BATTERIES
AG-HAB01P,V__PHABI010,Habitat Energy Limited,V,0.0,BATTERIES
AG-HAB02B,V__BHABI012,Habitat Energy Limited,V,0.0,BATTERIES
AG-HAB02F,V__FHABI017,Habitat Energy Limited,V,0.0,BATTERIES
AG-HAB02P,V__PHABI011,Habitat Energy Limited,V,0.0,BATTERIES
AG-HAB03P,V__PHABI015,Habitat Energy Limited,V,0.0,BATTERIES
AG-HEDF01,2__HLOND001,EDF Energy Customers Limited,S,29.782,BATTERIES
AG-HEDF02,2__HLOND002,EDF Energy Customers Limited,S,52.0,BATTERIES
AG-HEDF03,2__HLOND003,EDF Energy Customers Limited,S,8.0,OCGT
AG-HEL0AG,V__GHABI002,Habitat Energy Limited,V,0.0,BATTERIES
AG-HEL0CP,V__PHABI004,Habitat Energy Limited,V,0.0,BATTERIES
AG-HEL0DN,V__NHABI005,Habitat Energy Limited,V,0.0,BATTERIES
AG-HEL0EP,V__PHABI006,Habitat Energy Limited,V,0.0,BATTERIES
AG-HFLX01,2__HFLEX001,Flexitricity Limited,S,49.0,GAS
AG-HFLX02,2__HFLEX002,Flexitricity Limited,S,49.0,BATTERIES
AG-HLIM01,2__HANGE001,Limejump Energy Limited,S,50.0,BATTERIES
AG-HLIM02,2__HANGE002,Limejump Energy Limited,S,50.0,BATTERIES
AG-HLIM03,2__HANGE003,Limejump Energy Limited,S,49.813,BATTERIES
AG-HLIM04,2__HANGE004,Limejump Energy Limited,S,49.335,BATTERIES
AG-HLIM05,2__HANGE005,Limejump Energy Limited,S,101.899,OTHER
AG-HOCT01,2__HMRCY001,Octopus Energy Limited,S,0.0,LOAD RESPONSE
AG-HSTK01,2__HSTAT001,Statkraft Markets Gmbh,S,100.0,BATTERIES
AG-HSTK02,2__HSTAT002,Statkraft Markets Gmbh,S,52.237,BATTERIES
AG-HSTK03,2__HSTAT003,Statkraft Markets Gmbh,S,20.0,GAS
AG-HSTK05,2__HSTAT005,Statkraft Markets Gmbh,S,16.0,GAS
AG-HSTK06,2__HSTAT006,Statkraft Markets Gmbh,S,16.0,GAS
AG-HSTK07,2__HSTAT007,Statkraft Markets Gmbh,S,40.0,BATTERIES
AG-HSTK09,2__HSTAT009,Statkraft Markets Gmbh,S,14.0,GAS
AG-HUKP01,2__HUKPR001,UK Power Reserve Limited,S,20.5,GAS
AG-JEDF02,2__JLOND002,EDF Energy Customers Limited,S,12.0,OCGT
AG-JEDF03,2__JLOND003,EDF Energy Customers Limited,S,12.0,OCGT
AG-JEDF04,2__JLOND004,EDF Energy Customers Limited,S,0.0,BATTERIES
AG-JLIM01,2__JANGE001,Limejump Energy Limited,S,50.0,OTHER
AG-JOCT01,2__JMRCY001,Octopus Energy Limited,S,0.0,LOAD RESPONSE
AG-JSTK01,2__JSTAT001,Statkraft Markets Gmbh,S,22.0,GAS
AG-JSTK02,2__JSTAT002,Statkraft Markets Gmbh,S,6.305,BATTERIES
AG-JSTK03,2__JSTAT003,Statkraft Markets Gmbh,S,22.0,GAS
AG-JUKP01,2__JUKPR001,UK Power Reserve Limited,S,50.0,BATTERIES
AG-KFLX01,2__KFLEX001,Flexitricity Limited,S,49.0,GAS
AG-KFLX02,2__KFLEX002,Flexitricity Limited,S,49.0,GAS
AG-KLIM01,2__KANGE001,Limejump Energy Limited,S,50.0,BATTERIES
AG-KOCT01,2__KMRCY001,Octopus Energy Limited,S,0.0,LOAD RESPONSE
AG-KSTK01,2__KSTAT001,Statkraft Markets Gmbh,S,8.0,GAS
AG-KSTK02,2__KSTAT002,Statkraft Markets Gmbh,S,14.0,GAS
AG-KSTK03,2__KSTAT003,Statkraft Markets Gmbh,S,16.0,GAS
AG-KSTK04,2__KSTAT004,Statkraft Markets Gmbh,S,16.0,GAS
AG-KSTK07,2__KSTAT007,Statkraft Markets Gmbh,S,20.0,OTHER
AG-KUKP01,2__KUKPR001,UK Power Reserve Limited,S,20.0,GAS
AG-LEDG01,V__LEDGE001,Edgware Energy Limited,V,0.0,SOLAR
AG-LFLX01,2__LFLEX001,Flexitricity Limited,S,49.0,BATTERIES
AG-LLIM01,2__LANGE001,Limejump Energy Limited,S,65.0,BATTERIES
AG-LLIM02,2__LANGE002,Limejump Energy Limited,S,50.0,BATTERIES
AG-LLIM03,2__LANGE003,Limejump Energy Limited,S,0.0,OTHER
AG-LLT00B,V__BLEVE001,Levelise Limited,V,0.0,BATTERIES
AG-LLT01H,V__HLEVE001,Levelise Limited,V,0.0,BATTERIES
AG-LLT02L,V__LLEVE001,Levelise Limited,V,0.0,BATTERIES
AG-LOCT01,2__LMRCY001,Octopus Energy Limited,S,0.0,LOAD RESPONSE
AG-LSTK01,2__LSTAT001,Statkraft Markets Gmbh,S,20.0,GAS
AG-LSTK02,2__LSTAT002,Statkraft Markets Gmbh,S,20.858,GAS
AG-LSTK03,2__LSTAT003,Statkraft Markets Gmbh,S,20.0,GAS
AG-LSTK04,2__LSTAT004,Statkraft Markets Gmbh,S,20.0,OTHER
AG-LUKP01,2__LUKPR001,UK Power Reserve Limited,S,10.2,GAS
AG-MCAM01,2__MCMRO002,BGI Trading Limited,S,36.844,BATTERIES
AG-MCET01,2__MCNDL002,NEAS Energy Ltd.,S,48.528,GAS
AG-MECO01,2__MECOT003,ECOTRICITY LIMITED,S,0.0,WIND
AG-MLIM01,2__MANGE001,Limejump Energy Limited,S,50.0,OTHER
AG-MLIM02,2__MANGE002,Limejump Energy Limited,S,50.0,BATTERIES
AG-MLIM03,2__MANGE003,Limejump Energy Limited,S,0.0,OTHER
AG-MOCT01,2__MMRCY001,Octopus Energy Limited,S,0.0,LOAD RESPONSE
AG-MSTK01,2__MSTAT001,Statkraft Markets Gmbh,S,50.0,BATTERIES
AG-MSTK02,2__MSTAT002,Statkraft Markets Gmbh,S,50.0,GAS
AG-MSTK04,2__MSTAT004,Statkraft Markets Gmbh,S,6.0,GAS
AG-MSTK05,2__MSTAT005,Statkraft Markets Gmbh,S,8.0,BATTERIES
AG-MSTK06,2__MSTAT006,Statkraft Markets Gmbh,S,16.0,GAS
AG-MUPK01,,,,,OTHER
AG-NEDF01,2__NLOND001,EDF Energy Customers Limited,S,30.0,OCGT
AG-NEDF02,2__NLOND002,EDF Energy Customers Limited,S,20.0,OCGT
AG-NEDF03,2__NLOND003,EDF Energy Customers Limited,S,20.0,GAS
AG-NFLX01,2__NFLEX001,Flexitricity Limited,S,49.0,BATTERIES
AG-NFLX02,2__NFLEX002,Flexitricity Limited,S,49.0,BATTERIES
AG-NFLX03,2__NFLEX003,Flexitricity Limited,S,49.0,GAS
AG-NFLX04,2__NFLEX004,Flexitricity Limited,S,49.0,GAS
AG-NFLX05,2__NFLEX005,Flexitricity Limited,S,49.0,GAS
AG-NFLX06,2__NFLEX006,Flexitricity Limited,S,49.0,GAS
AG-NFLX07,2__NFLEX007,Flexitricity Limited,S,49.0,GAS
AG-NFLX08,2__NFLEX008,Flexitricity Limited,S,49.0,OTHER
AG-NFLX09,2__NFLEX009,Flexitricity Limited,S,49.0,BATTERIES
AG-NHAV01,2__NHPOW001,Drax Energy Solutions Limited,S,25.0,NPSHYD
AG-NHAV02,2__NHPOW002,Drax Energy Solutions Limited,S,108.0,NPSHYD
AG-NHAV03,2__NHPOW003,Drax Energy Solutions Limited,S,53.168,NPSHYD
AG-NLIM01,2__NANGE001,Limejump Energy Limited,S,50.0,BATTERIES
AG-NLIM02,2__NANGE002,Limejump Energy Limited,S,57.026,BATTERIES
AG-NLIM03,2__NANGE003,Limejump Energy Limited,S,0.0,OTHER
AG-NLIM04,2__NANGE004,Limejump Energy Limited,S,0.0,OTHER
AG-NOCT01,2__NMRCY001,Octopus Energy Limited,S,0.0,LOAD RESPONSE
AG-NSTK04,2__NSTAT004,Statkraft Markets Gmbh,S,12.0,LOAD RESPONSE
AG-OPT01A,V__AOPTI001,Optimo Energy Limited,V,0.359,LOAD RESPONSE
AG-OPT01B,V__BOPTI001,Optimo Energy Limited,V,0.0,LOAD RESPONSE
AG-OPT01C,V__COPTI001,Optimo Energy Limited,V,0.0,LOAD RESPONSE
AG-OPT01N,V__NOPTI001,Optimo Energy Limited,V,4.314,LOAD RESPONSE
AG-OPT01P,V__POPTI001,Optimo Energy Limited,V,0.0,LOAD RESPONSE
AG-ORA00A,,,,,LOAD RESPONSE
AG-PEDF01,2__PLOND001,EDF Energy Customers Limited,S,50.0,BATTERIES
AG-PEDF02,2__PLOND002,EDF Energy Customers Limited,S,0.0,BATTERIES
AG-PEPG01,,,,,OTHER
AG-PFLX01,2__PFLEX001,Flexitricity Limited,S,49.0,BATTERIES
AG-PFLX02,2__PFLEX002,Flexitricity Limited,S,49.0,BATTERIES
AG-POW01B,V__BJOUL001,Joulen,V,1.5,BATTERIES
AG-PSMA01,2__PSMAR001,Smartestenergy Limited,S,50.0,WIND
AG-PSTK01,2__PSTAT003,Statkraft Markets Gmbh,S,6.0,BATTERIES
AG-REC05L,2__LECOT003,ECOTRICITY LIMITED,S,10.0,BATTERIES
AG-REC06B,2__BECOT003,ECOTRICITY LIMITED,S,16.0,WIND
AG-REC07E,,,,,BATTERIES
AG-ZEN03J,V__JZENO001,BESS Holdco 2 Limited,V,0.0,BATTERIES
AG-ZEN7H,V__HZENO004,BESS Holdco 2 Limited,V,0.0,BATTERIES
AIGA-1,,,,,NPSHYD
AIGA-2,,,,,NPSHYD
AIRSW-1,E_AIRSW-1,ENGIE Power Limited,E,38.0,WIND
AKGLW-1,,,,,WIND
AKGLW-2,T_AKGLW-2,Aikengall 2 CWCL,T,63.84,WIND
AKGLW-3,T_AKGLW-3,AIK2A Sustainable Energy Ltd,T,163.4,WIND
ALCOA-1,E_ALCOA-1,Conrad Energy (Trading) Ltd,E,40.5,GAS
ANGLD-1,T_ANGLD-1,SSE Energy Supply Limited,T,0.0,OTHER
ANSUW-1,T_ANSUW-1,Statkraft Markets Gmbh,T,19.36,WIND
ARBRB-1,E_ARBRB-1,Octopus Energy Trading Limited,E,34.511,BATTERIES
ARCHW-1,T_ARCHW-1,SP Renewables (UK) Limited,T,114.0,WIND
ARNKB-1,E_ARNKB-1,Octopus Energy Trading Limited,E,41.66,BATTERIES
ARNKB-2,E_ARNKB-2,Flexitricity Limited,E,49.0,BATTERIES
ASHWW-1,E_ASHWW-1,Statkraft Markets Gmbh,E,35.0,WIND
ASLVW-1,E_ASLVW-1,Npower Commercial Gas Limited,E,26.0,WIND
BABAW-1,E_BABAW-1,Statkraft Markets Gmbh,E,52.5,WIND
BAGE-1,T_BAGE-1,Baglan Operations Ltd,T,500.0,CCGT
BAGE-2,T_BAGE-2,Baglan Operations Ltd,T,32.0,CCGT
BAGTD-1,T_BAGTD-1,EDF Energy Customers Limited,T,0.0,OTHER
BARNB-1,E_BARNB-1,EDF Energy Customers Limited,E,44.0,BATTERIES
BDCHW-1,T_BDCHW-1,RWE Generation UK plc,T,27.0,WIND
BEASC-1,T_BEASC-1,TINZ PROGRAMME 1 PROJECTCO 3,T,0.0,OTHER
BEATO-1,T_BEATO-1,Beatrice Offshore Windfarm Ltd,T,184.0,WIND
BEATO-2,T_BEATO-2,Beatrice Offshore Windfarm Ltd,T,166.0,WIND
BEATO-3,T_BEATO-3,Beatrice Offshore Windfarm Ltd,T,166.0,WIND
BEATO-4,T_BEATO-4,Beatrice Offshore Windfarm Ltd,T,165.526,WIND
BEINW-1,T_BEINW-1,Beinneun Wind Farm Ltd,T,108.8,WIND
BENBW-1,T_BENBW-1,Benbrack Wind Farm Limited,T,67.0,WIND
BENBW-2,,,,,WIND
BENBW-3,,,,,WIND
BENTB-1,,,,,BATTERIES
BERKB-2,E_BERKB-2,EDF Energy Customers Limited,E,52.0,BATTERIES
BETHW-1,E_BETHW-1,SP Renewables (UK) Limited,E,29.75,WIND
BFSE02,,,,,BATTERIES
BFSE03,2__BCMRO002,BGI Trading Limited,S,42.594,BATTERIES
BGLAW-1,,,,,WIND
BHLAW-1,T_BHLAW-1,SSE Generation Ltd,T,108.112,WIND
BHOLB-1,E_BHOLB-1,Tesla Motors Limited,E,7.12,BATTERIES
BLARW-1,E_BLARW-1,Erova Energy Limited,E,35.0,WIND
BLHLB-1,T_BLHLB-1,ZENOBE BLACKHILLOCK LIMITED,T,50.0,BATTERIES
BLHLB-2,T_BLHLB-2,ZENOBE BLACKHILLOCK LIMITED,T,50.42,BATTERIES
BLHLB-3,T_BLHLB-3,ZENOBE BLACKHILLOCK LIMITED,T,54.0,BATTERIES
BLHLB-4,T_BLHLB-4,ZENOBE BLACKHILLOCK LIMITED,T,54.42,BATTERIES
BLHLD-1,T_BLHLD-1,ZENOBE BLACKHILLOCK LIMITED,T,0.423,OTHER
BLHLD-2,T_BLHLD-2,ZENOBE BLACKHILLOCK LIMITED,T,0.363,OTHER
BLHLD-3,T_BLHLD-3,ZENOBE BLACKHILLOCK LIMITED,T,0.367,OTHER
BLKPB-1,E_BLKPB-1,Conrad Energy (Trading) Ltd,E,25.3,BATTERIES
BLKWW-1,T_BLKWW-1,Blackcraig Wind Farm Limited,T,56.216,WIND
BLLA-1,T_BLLA-1,SP Renewables (UK) Limited,T,118.0,WIND
BLLA-2,T_BLLA-2,SP Renewables (UK) Limited,T,69.0,WIND
BLPFB-1,T_BLPFB-1,EDF Energy Customers Limited,T,56.606,BATTERIES
BLPFS-1,T_BLPFS-1,EDF Energy Customers Limited,T,50.216,SOLAR
BLWNB-1,T_BLWNB-1,Statkraft Markets Gmbh,T,200.0,BATTERIES
BLYDB-1,,,,,BATTERIES
BLYDB-2,,,,,BATTERIES
BLYDD-1,,,,,BATTERIES
BNAKW-1,,,,,WIND
BNCRG-1,V__GFORS002,Forsa Trading Limited,V,20.0,GAS
BNKSB-1,,,,,OTHER
BNWKW-1,E_BNWKW-1,Eneco Energy Trade,E,22.5,WIND
BOULW-1,,,,,WIND
BOWLW-1,T_BOWLW-1,Barrow Offshore Wind Limited,T,90.0,WIND
BOYNW-1,,,,,WIND
BPGRD-1,T_BPGRD-1,Grangemouth CHP Ltd,T,0.0,OTHER
BPGRD-2,T_BPGRD-2,Smartestenergy Limited,T,0.0,OTHER
BRBEO-1,T_BRBEO-1,Burbo Extension Limited,T,257.7,WIND
BRCHS-1,T_BRCHS-1,Burwell 11 Solar Ltd,T,50.0,SOLAR
BRDUW-1,E_BRDUW-1,Erova Energy Limited,E,74.0,WIND
BREDB-1,T_BREDB-1,Pivoted Power LLP,T,49.9,BATTERIES
BRETB-2,E_BRETB-2,EDF Energy Customers Limited,E,52.0,BATTERIES
BRGDG-1,2__MCNDL001,NEAS Energy Ltd.,S,51.433,OCGT
BRGG-1,E_BRGG-1,CBS ENERGY STORAGE ASSETS LTD,E,50.0,CCGT
BRIDU-1,E_BRIDGWTR,UK Power Reserve Limited,E,10.18,GAS
BRNLW-1,E_BRNLW-1,ENGIE Power Limited,E,7.5,WIND
BROAB-1,E_BROAB-1,Tesla Motors Limited,E,11.0,BATTERIES
BROCW-1,T_BROCW-1,Smartestenergy Limited,T,48.0,WIND
BROFB-1,E_BROFB-1,EDF Energy Customers Limited,E,52.0,BATTERIES
BROUD-1,E_BROUD-1,Npower Commercial Gas Limited,E,0.0,OTHER
BROXB-1,E_BROXB-1,ENGIE Power Limited,E,50.0,BATTERIES
BRYBW-1,E_BRYBW-1,Statkraft Markets Gmbh,E,62.708,WIND
BRYP-1,,,,,CCGT
BSPHM-1,E_BSPHM-1,Conrad Energy (Trading) Ltd,E,20.0,GAS
BTNHL-1,E_BTNHL-1,Conrad Energy (Trading) Ltd,E,20.92,GAS
BTUIW-1,,,,,WIND
BTUIW-2,E_BTUIW-2,SP Renewables (UK) Limited,E,43.7,WIND
BTUIW-3,E_BTUIW-3,SP Renewables (UK) Limited,E,52.0,WIND
BURBW-1,E_BURBO,Orsted Burbo (UK) Limited,E,90.0,WIND
BURGH-1,E_BURGH-1,SSEPG (Operations) Ltd,E,48.0,OCGT
BURWB-1,E_BURWB-1,Arenko Cleantech Limited,E,50.533,BATTERIES
BURWB-2,E_BURWB-2,EDF Energy Customers Limited,E,52.0,BATTERIES
BURWB-3,E_BURWB-3,EDF Energy Customers Limited,E,30.0,BATTERIES
BURWS-1,T_BURWS-1,EDF Energy Customers Limited,T,49.952,SOLAR
BUSTB-1,T_BUSTB-1,Pivoted Power LLP,T,52.237,BATTERIES
BUXTB-1,2__GCMRO001,BGI Trading Limited,S,16.379,BATTERIES
BYBRB-1,2__NCPPR001,Octopus Energy Trading Limited,S,30.0,BATTERIES
CAIRW-1,,,,,WIND
CAIRW-2,2__PSTAT001,Statkraft Markets Gmbh,S,42.0,WIND
CAMFB-1,2__MBPGM001,BP Gas Marketing Limited,S,10.0,BATTERIES
CAPNB-1,T_CAPNB-1,HD888CAP Ltd,T,57.0,BATTERIES
CARR-1,T_CARR-1,Carrington Power Ltd,T,470.0,CCGT
CARR-2,T_CARR-2,Carrington Power Ltd,T,470.0,CCGT
CAS-BEU01,M_CAS-BEU01,SSE Generation Ltd,T,93.514,NPSHYD
CAS-CLU01,M_CAS-CLU01,SSE Generation Ltd,T,76.2,NPSHYD
CAS-CON01,M_CAS-CON01,SSE Generation Ltd,T,95.226,NPSHYD
CAS-GAL01,,,,,NPSHYD
CAS-GAR01,M_CAS-GAR01,SSE Generation Ltd,T,40.0,NPSHYD
CAS-KIL01,M_CAS-KIL01,SSE Generation Ltd,T,70.0,NPSHYD
CAS-MOR01,M_CAS-MOR01,SSE Generation Ltd,T,74.0,NPSHYD
CASH-1,,,,,NPSHYD
CASKD-1,T_CASKD-1,INOVYN Energy Limited,T,70.0,OTHER
CASS-1,,,,,NPSHYD
CASS-2,,,,,NPSHYD
CATHB-1,E_CATHB-1,ENGIE Power Limited,E,49.9,BATTERIES
CAUSW-1,2__PSMAE001,Smartestenergy Limited,S,0.0,WIND
CDCL-1,T_CDCL-1,Uniper UK Limited,T,445.0,CCGT
CDWTW-1,,,,,WIND
CEAN-1,,,,,NPSHYD
CEAN-2,,,,,NPSHYD
CGTHW-1,T_CGTHW-1,Corriegarth Wind Energy LTD,T,69.0,WIND
CHAPB-1,E_CHAPB-1,Tesla Motors Limited,E,50.169,BATTERIES
CHDTG-1,V__GFORS003,Forsa Trading Limited,V,20.0,GAS
CHICK-1,E_CHICK-1,SSEPG (Operations) Ltd,E,48.0,OCGT
CHTRY-1,E_CHTRY-1,Conrad Energy (Trading) Ltd,E,20.0,GAS
CLAC-1,E_CLAC-1,SSE Generation Ltd,E,43.38,NPSHYD
CLACD-1,T_CLACD-1,SSE Generation Ltd,T,0.0,OTHER
CLAYB-1,E_CLAYB-1,Tesla Motors Limited,E,49.5,BATTERIES
CLAYB-2,E_CLAYB-2,Tesla Motors Limited,E,49.5,BATTERIES
CLDCW-1,T_CLDCW-1,Clyde Windfarm (Scotland) Ltd,T,200.0,WIND
CLDNW-1,T_CLDNW-1,Clyde Windfarm (Scotland) Ltd,T,200.0,WIND
CLDRW-1,E_CLDRW-1,Vattenfall Energy Trading,E,39.0,WIND
CLDSW-1,T_CLDSW-1,Clyde Windfarm (Scotland) Ltd,T,150.0,WIND
CLFLW-1,E_CLFLW-1,SP Renewables (UK) Limited,E,15.0,WIND
CLUN-1,,,,,NPSHYD
CLUN-2,,,,,NPSHYD
CLUN-3,,,,,NPSHYD
CLVHS-1,T_CLVHS-1,Cleve Hill Solar Park,T,112.0,SOLAR
CLVHS-2,T_CLVHS-2,Cleve Hill Solar Park,T,205.0,SOLAR
CMSTW-1,2__PEDGE003,Edgware Energy Limited,S,55.749,WIND
CMSTW-2,E_CMSTW-2,Edgware Energy Limited,E,36.0,WIND
CNCLW-1,E_CNCLW-1,Statkraft Markets Gmbh,E,30.52,WIND
CNCRW-1,,,,,WIND
CNQPS-1,T_CNQPS-1,Uniper UK Limited,T,351.162,CCGT
CNQPS-2,T_CNQPS-2,Uniper UK Limited,T,352.0,CCGT
CNQPS-3,T_CNQPS-3,Uniper UK Limited,T,350.0,CCGT
CNQPS-4,T_CNQPS-4,Uniper UK Limited,T,356.0,CCGT
COALB-1,T_COALB-1,Alcemi Storage Developments 4,T,103.087,BATTERIES
COALB-2,T_COALB-2,Alcemi Storage Developments 4,T,101.825,BATTERIES
COALB-3,T_COALB-3,Alcemi Storage Developments 4,T,101.885,BATTERIES
COALB-4,T_COALB-4,Alcemi Storage Developments 4,T,104.152,BATTERIES
COALB-5,T_COALB-5,Alcemi Storage Developments 4,T,101.428,BATTERIES
COALD-1,,,,,OTHER
COCK-1,,,,,COAL
COCK-2,,,,,COAL
COCK-3,,,,,COAL
COCK-4,,,,,COAL
COCKD-1,,,,,OTHER
CONTB-1,E_CONTB-1,Tesla Motors Limited,E,35.8,BATTERIES
CORB-1,E_CORB-1,EP UK INVESTMENTS LIMITED,E,240.0,CCGT
CORY-1,,,,,CCGT
COSO-1,T_COSO-1,Coryton Energy Company Ltd,T,856.186,CCGT
COTPS-1,,,,,COAL
COTPS-2,,,,,COAL
COTPS-4,,,,,COAL
COUWW-1,T_COUWW-1,Cour Wind farm (Scotland) Ltd,T,20.5,WIND
COVNB-1,T_COVNB-1,Pivoted Power LLP,T,50.449,BATTERIES
COWB-1,T_COWB-1,Pivoted Power LLP,T,50.431,BATTERIES
COWE1,E_COWE1,RWE Generation UK plc,E,70.0,OCGT
COWE2,E_COWE2,RWE Generation UK plc,E,70.0,OCGT
COYLB-1,T_COYLB-1,Statkraft Markets Gmbh,T,50.0,BATTERIES
CRAGW-1,,,,,WIND
CRDEW-1,T_CRDEW-1,EDF Energy Customers Limited,T,24.0,WIND
CRDEW-2,T_CRDEW-2,EDF Energy Customers Limited,T,24.0,WIND
CREAW-1,T_CREAW-1,Creag Riabhach Wind Farm Ltd,T,93.0,WIND
CRGHW-1,T_CRGHW-1,Statkraft Markets Gmbh,T,46.0,WIND
CRGTW-1,E_CRGTW-1,British Gas Trading Ltd,E,4.7,WIND
CRMHW-1,,,,,WIND
CRMLW-1,T_CRMLW-1,EDF Energy Customers Limited,T,48.0,WIND
CRMNW-1,,,,,WIND
CROYD-2,E_CROYD-2,Whitetower Energy Limited,E,50.0,OCGT
CRSSB-1,E_CRSSB-1,Arenko Cleantech Limited,E,20.0,BATTERIES
CRUA-1,T_CRUA-1,Drax Pumped Storage Limited,T,123.0,NPSHYD
CRUA-2,T_CRUA-2,Drax Pumped Storage Limited,T,124.76,NPSHYD
CRUA-3,T_CRUA-3,Drax Pumped Storage Limited,T,101.48,NPSHYD
CRUA-4,T_CRUA-4,Drax Pumped Storage Limited,T,104.0,NPSHYD
CRUAD-1,T_CRUAD-1,Drax Pumped Storage Limited,T,1.244,OTHER
CRYRW-1,,,,,WIND
CRYRW-2,T_CRYRW-2,Eneco Energy Trade,T,150.62,WIND
CRYRW-3,T_CRYRW-3,Eneco Energy Trade,T,13.8,WIND
CRYRW-4,T_CRYRW-4,Erova Energy Limited,T,48.2,WIND
CULL-1,,,,,NPSHYD
CULL-2,,,,,NPSHYD
CUMHW-1,T_CUMHW-1,Uniper UK Limited,T,52.0,WIND
CUMHW-2,T_CUMHW-2,CUMBERHEAD WEST WIND FARM LTD,T,126.0,WIND
CUPAB-1,E_CUPAB-1,Octopus Energy Trading Limited,E,41.314,BATTERIES
CUXTB-1,,,,,BATTERIES
CWMD-1,E_CWMD-1,RWE Generation UK plc,E,9.9,NPSHYD
DALMB-1,E_DALMB-1,EDF Energy Customers Limited,E,40.0,BATTERIES
DALQW-1,T_DALQW-1,Statkraft Markets Gmbh,T,42.846,WIND
DALRD-1,T_DALRD-1,EDF Energy Customers Limited,T,0.0,OTHER
DALSW-1,E_DALSW-1,Mobius Renewables Gen. (GB),E,30.0,WIND
DAMC-1,T_DAMC-1,VPI Power Limited,T,820.0,CCGT
DBAWO-1,T_DBAWO-1,Doggerbank OWF Project 1,T,302.4,WIND
DBAWO-2,T_DBAWO-2,Doggerbank OWF Project 1,T,304.0,WIND
DBAWO-3,T_DBAWO-3,Doggerbank OWF Project 1,T,302.8,WIND
DBAWO-4,T_DBAWO-4,Doggerbank OWF Project 1,T,152.6,WIND
DBAWO-5,T_DBAWO-5,Doggerbank OWF Project 1,T,138.2,WIND
DBBWO-1,T_DBBWO-1,Doggerbank OWF Project 2,T,302.4,WIND
DBBWO-2,T_DBBWO-2,Doggerbank OWF Project 2,T,304.4,WIND
DBBWO-3,T_DBBWO-3,Doggerbank OWF Project 2,T,302.3,WIND
DBBWO-4,T_DBBWO-4,Doggerbank OWF Project 2,T,152.2,WIND
DBBWO-5,T_DBBWO-5,Doggerbank OWF Project 2,T,138.7,WIND
DBESS-22,,,,,BATTERIES
DBESSA-33,,,,,BATTERIES
DBESSC-33,,,,,BATTERIES
DBESSF-33,,,,,BATTERIES
DBFRM-1,E_DBFRM-1,Conrad Energy (Trading) Ltd,E,20.0,GAS
DDGNO-1,T_DDGNO-1,Dudgeon Offshore Wind Ltd,T,108.0,WIND
DDGNO-2,T_DDGNO-2,Dudgeon Offshore Wind Ltd,T,90.0,WIND
DDGNO-3,T_DDGNO-3,Dudgeon Offshore Wind Ltd,T,102.0,WIND
DDGNO-4,T_DDGNO-4,Dudgeon Offshore Wind Ltd,T,102.0,WIND
DEAN-1,,,,,NPSHYD
DEAN-2,,,,,NPSHYD
DEAND-1,T_DEAND-1,SSE Generation Ltd,T,0.0,OTHER
DEEP-1,,,,,CCGT
DEEPS-1,,,,,CCGT
DERBY-2,E_DERBY-1,Whitetower Energy Limited,E,56.084,OCGT
DERW-1,E_DERW-1,UK Power Reserve Limited,E,218.0,CCGT
DEUCW-1,,,,,WIND
DIDC01G,E_DIDC1G,RWE Generation UK plc,E,25.0,OCGT
DIDC02G,E_DIDC2G,RWE Generation UK plc,E,25.0,OCGT
DIDC03G,E_DIDC3G,RWE Generation UK plc,E,25.0,OCGT
DIDC04G,E_DIDC4G,RWE Generation UK plc,E,25.0,OCGT
DIDC2G,,,,,OCGT
DIDC3G,,,,,OCGT
DIDC4G,,,,,OCGT
DIDCB5,T_DIDCB5,RWE Generation UK plc,T,770.0,CCGT
DIDCB6,T_DIDCB6,RWE Generation UK plc,T,720.0,CCGT
DINO-1,T_DINO-1,First Hydro Company,T,320.0,NPSHYD
DINO-2,T_DINO-2,First Hydro Company,T,320.0,NPSHYD
DINO-3,T_DINO-3,First Hydro Company,T,320.0,NPSHYD
DINO-4,T_DINO-4,First Hydro Company,T,320.0,NPSHYD
DINO-5,T_DINO-5,First Hydro Company,T,320.0,NPSHYD
DINO-6,T_DINO-6,First Hydro Company,T,320.0,NPSHYD
DNBAR-1,2__NSMAE001,Smartestenergy Limited,S,33.386,BIOMASS
DNGB21,T_DNGB21,EDF Energy Customers Limited,T,0.0,NUCLEAR
DNGB22,T_DNGB22,EDF Energy Customers Limited,T,0.0,NUCLEAR
DNGBD-1,T_DNGB-D,EDF Energy Customers Limited,T,6.368,OTHER
DNLWW-1,T_DNLWW-1,SP Renewables (UK) Limited,T,29.75,WIND
DOLLB-1,E_DOLLB-1,Dollymans Storage Limited,E,102.0,BATTERIES
DOREW-1,T_DOREW-1,Dorenell Windfarm Limited,T,114.0,WIND
DOREW-2,T_DOREW-2,Dorenell Windfarm Limited,T,114.0,WIND
DOUGW-1,T_DOUGW-1,Erova Energy Limited,T,45.0,WIND
DOWL-1,E_DOWL-1,Conrad Energy (Trading) Ltd,E,21.02,GAS
DRAXD-1,E__MDRX001,Drax Power Ltd,E,49.0,COAL
DRAXD-2,E__MDRX002,Drax Power Ltd,E,0.0,COAL
DRAXX-1,T_DRAXX-1,Drax Power Ltd,T,665.248,BIOMASS
DRAXX-10G,T_DRAXX-10G,Drax Power Ltd,T,33.152,OCGT
DRAXX-12G,T_DRAXX-12G,Drax Power Ltd,T,32.0,OCGT
DRAXX-2,T_DRAXX-2,Drax Power Ltd,T,669.4,BIOMASS
DRAXX-3,T_DRAXX-3,Drax Power Ltd,T,661.4,BIOMASS
DRAXX-4,T_DRAXX-4,Drax Power Ltd,T,645.0,BIOMASS
DRAXX-5,T_DRAXX-5,Drax Power Ltd,T,645.0,COAL
DRAXX-6,T_DRAXX-6,Drax Power Ltd,T,645.0,COAL
DRAXX-9G,T_DRAXX-9G,Drax Power Ltd,T,32.454,OCGT
DRDGW-1,,,,,WIND
DRFAB-1,,,,,OTHER
DRSLW-1,T_DRSLW-1,SP Renewables (UK) Limited,T,70.9,WIND
DUMMW-1,,,,,WIND
DUNGW-1,T_DUNGW-1,Dunmaglass Wind Farm Limited,T,100.0,WIND
DWEXW-1,T_DWEXW-1,Douglas West Extension Ltd,T,65.51,WIND
DYCEB-1,E_DYCEB-1,CBS ENERGY STORAGE ASSETS LTD,E,30.0,BATTERIES
EAAO-1,T_EAAO-1,East Anglia One Limited,T,358.0,WIND
EAAO-2,T_EAAO-2,East Anglia One Limited,T,367.0,WIND
EAD-BRTN1,I_EAD-BRTN1,NESO,I,0.0,INTERCONNECTOR
EAD-ELEC1,I_EAD-ELEC1,NESO,I,0.0,INTERCONNECTOR
EAD-EWIC1,I_EAD-EWIC1,NESO,I,0.0,INTERCONNECTOR
EAD-FRAN1,I_EAD-FRAN1,NESO,I,0.0,INTERCONNECTOR
EAD-GRNL1,,,,,INTERCONNECTOR
EAD-IFA2,I_EAD-IFA2,NESO,I,0.0,INTERCONNECTOR
EAD-MOYL1,I_EAD-MOYL1,NESO,I,0.0,INTERCONNECTOR
EAD-NEMO1,I_EAD-NEMO1,NESO,I,0.0,INTERCONNECTOR
EAD-NSL1,I_EAD-NSL1,NESO,I,0.0,INTERCONNECTOR
EAD-VKL1,I_EAD-VKL1,NESO,I,0.0,INTERCONNECTOR
EAG-BRTN1,I_EAG-BRTN1,NESO,I,1000.0,INTERCONNECTOR
EAG-ELEC1,I_EAG-ELEC1,NESO,I,1025.0,OTHER
EAG-EWIC1,I_EAG-EWIC1,NESO,I,500.0,INTERCONNECTOR
EAG-FRAN1,I_EAG-FRAN1,NESO,I,619.82,INTERCONNECTOR
EAG-GRNL1,,,,,INTERCONNECTOR
EAG-IFA2,I_EAG-IFA2,NESO,I,1100.0,INTERCONNECTOR
EAG-MOYL1,I_EAG-MOYL1,NESO,I,500.0,INTERCONNECTOR
EAG-NEMO1,I_EAG-NEMO1,NESO,I,1046.0,INTERCONNECTOR
EAG-NSL1,I_EAG-NSL1,NESO,I,1400.0,INTERCONNECTOR
EAG-VKL1,I_EAG-VKL1,NESO,I,1400.0,INTERCONNECTOR
EARBW-1,,,,,WIND
EAS-ATL01,2__AIMPO000,SSE Energy Supply Limited,G,0.0,OTHER
EAS-AXPO1,2__AAXPO000,AXPO UK LIMITED,G,100.0,OTHER
EAS-BET01,,,,,OTHER
EAS-BGS01,2__ABGAS000,British Gas Trading Ltd,G,5.428,OTHER
EAS-BIZ01,2__ABIZZ000,British Gas Trading Ltd,G,0.0,OTHER
EAS-EDF01,2__AEDFE000,EDF Energy Customers Limited,G,0.0,OTHER
EAS-EDR01,2__AEDIR000,British Gas Trading Ltd,G,0.0,OTHER
EAS-ENR01,2__AENRD000,British Gas Trading Ltd,G,56.0,OTHER
EAS-EON01,2__AEOND000,E.ON Next Energy Ltd,G,2.0,OTHER
EAS-GDF01,2__ARWED000,ENGIE Power Limited,G,104.0,OTHER
EAS-HPW01,2__AHPOW000,Drax Energy Solutions Limited,G,1.0,OTHER
EAS-HVN01,2__AHAVE000,Drax Energy Solutions Limited,G,38.28,OTHER
EAS-LIM01,,,,,OTHER
EAS-LON01,2__ALOND000,EDF Energy Customers Limited,G,0.0,OTHER
EAS-MID01,2__AMIDE000,Npower Limited,G,0.0,OTHER
EAS-MNW01,2__AMANW000,ScottishPower Energy Retail,G,0.0,OTHER
EAS-MSG01,,,,,OTHER
EAS-NPE01,2__ANATP000,Npower Commercial Gas Limited,G,82.0,OTHER
EAS-OCT01,2__AMRCY000,Octopus Energy Limited,G,959.56,OTHER
EAS-OGA01,2__AOGAS000,British Gas Trading Ltd,G,0.0,OTHER
EAS-PGE01,2__AEMEB000,E.ON Energy Solutions Limited,G,0.0,OTHER
EAS-PGU01,2__APGEN000,E.ON UK LTD,G,0.0,OTHER
EAS-SEE01,2__ASEEB000,EDF Energy Customers Limited,G,0.0,OTHER
EAS-SEL01,2__ASMAR000,Smartestenergy Limited,G,0.0,OTHER
EAS-SPC01,2__ASPOW000,ScottishPower Energy Retail,G,0.0,OTHER
EAS-SSE01,2__AHYDE000,OVO Electricity Ltd,G,0.0,OTHER
EAS-STH01,2__ASOUT000,OVO Electricity Ltd,G,0.0,OTHER
EAS-SWA01,2__ASWAE000,OVO Electricity Ltd,G,0.0,OTHER
EAS-SWT01,2__ASWEB000,EDF Energy Customers Limited,G,0.0,OTHER
EAS-TFE01,2__ATGPL000,TotalEnergies Gas & Power Ltd,G,240.735,OTHER
EASTH-1,,,,,NPSHYD
ECCFD-1,T_ECCFD-1,EDF Energy Customers Limited,T,0.0,OTHER
ECEN01,2__ECNDL001,NEAS Energy Ltd.,S,20.863,GAS
EDFE-1,,,,,BATTERIES
EDINW-1,T_EDINW-1,Vattenfall Wind Power Ltd,T,41.4,WIND
EDTRW-1,,,,,WIND
EECL-1,T_EECL-1,Uniper UK Limited,T,444.0,CCGT
EGGPD-1,,,,,OTHER
EGLSD-1,T_EGLSD-1,EDF Energy Customers Limited,T,0.0,OTHER
ELVAD-1,T_ELVAD-1,EDF Energy Customers Limited,T,2.0,OTHER
EMD-ATL01,2__BIMPO000,SSE Energy Supply Limited,G,0.0,OTHER
EMD-AXPO1,2__BAXPO000,AXPO UK LIMITED,G,13.0,OTHER
EMD-BET01,,,,,OTHER
EMD-BGS01,2__BBGAS000,British Gas Trading Ltd,G,4.84,OTHER
EMD-BIZ01,2__BBIZZ000,British Gas Trading Ltd,G,0.0,OTHER
EMD-EDF01,2__BEDFE000,EDF Energy Customers Limited,G,0.0,OTHER
EMD-EDR01,2__BEDIR000,British Gas Trading Ltd,G,0.0,OTHER
EMD-ENR01,2__BENRD000,British Gas Trading Ltd,G,8.0,OTHER
EMD-EON01,2__BEOND000,E.ON Next Energy Ltd,G,14.0,OTHER
EMD-GDF01,2__BRWED000,ENGIE Power Limited,G,19.98,OTHER
EMD-HPW01,2__BHPOW000,Drax Energy Solutions Limited,G,1.0,OTHER
EMD-HVN01,2__BHAVE000,Drax Energy Solutions Limited,G,78.8,OTHER
EMD-LIM01,,,,,OTHER
EMD-LON01,2__BLOND000,EDF Energy Customers Limited,G,100.0,OTHER
EMD-MID01,2__BMIDE000,Npower Limited,G,0.0,OTHER
EMD-MNW01,2__BMANW000,ScottishPower Energy Retail,G,0.0,OTHER
EMD-MSG01,,,,,OTHER
EMD-NPE01,2__BNATP000,Npower Commercial Gas Limited,G,60.0,OTHER
EMD-OCT01,2__BMRCY000,Octopus Energy Limited,G,644.3,OTHER
EMD-OGA01,2__BOGAS000,British Gas Trading Ltd,G,0.0,OTHER
EMD-PGE01,2__BEMEB000,E.ON Energy Solutions Limited,G,0.0,OTHER
EMD-PGU01,2__BPGEN000,E.ON UK LTD,G,0.0,OTHER
EMD-SEE01,2__BSEEB000,EDF Energy Customers Limited,G,0.0,OTHER
EMD-SEL01,2__BSMAR000,Smartestenergy Limited,G,0.0,OTHER
EMD-SELA1,,,,,OTHER
EMD-SPC01,2__BSPOW000,ScottishPower Energy Retail,G,0.0,OTHER
EMD-SSE01,2__BHYDE000,OVO Electricity Ltd,G,0.0,OTHER
EMD-STH01,2__BSOUT000,OVO Electricity Ltd,G,0.0,OTHER
EMD-SWA01,2__BSWAE000,OVO Electricity Ltd,G,0.0,OTHER
EMD-SWT01,2__BSWEB000,EDF Energy Customers Limited,G,0.0,OTHER
EMD-TFE01,2__BTGPL000,TotalEnergies Gas & Power Ltd,G,163.502,OTHER
ENDRB-1,T_ENDRB-1,Flexitricity Limited,T,57.0,BATTERIES
ENDSR-12,,,,,LOAD RESPONSE
ENHLW-1,T_ENHLW-1,RWE Generation UK plc,T,70.0,WIND
ERRO-1,T_ERRO-1,SSE Generation Ltd,T,25.3,NPSHYD
ERRO-2,T_ERRO-2,SSE Generation Ltd,T,25.26,NPSHYD
ERRO-3,T_ERRO-3,SSE Generation Ltd,T,25.66,NPSHYD
EWHLW-1,T_EWHLW-1,SP Renewables (UK) Limited,T,38.0,WIND
EXETR-2,E_EXETR-2,Whitetower Energy Limited,E,50.0,OCGT
FAARW-1,T_FARR-1,Smartestenergy Limited,T,92.0,WIND
FAARW-2,T_FARR-2,Smartestenergy Limited,T,92.0,WIND
FALGW-1,T_FALGW-1,Fallago Rig Wind Farm Limited,T,144.0,WIND
FARNB-1,E_FARNB-1,Tesla Motors Limited,E,20.0,BATTERIES
FASN-1,T_FASN-1,SSE Generation Ltd,T,23.04,NPSHYD
FASN-4,E_FASN-4,SSE Generation Ltd,E,8.32,NPSHYD
FASN2,T_FASN-2,SSE Generation Ltd,T,23.28,NPSHYD
FASN3,E_FASN-3,SSE Generation Ltd,E,24.2,NPSHYD
FAWL2G,,,,,OCGT
FAWL4G,,,,,OCGT
FAWN-1,E_FAWN-1,ESSO Petroleum Company Ltd,E,155.0,CCGT
FBPG01,2__FBPGM001,BP Gas Marketing Limited,S,40.0,BATTERIES
FBPG02,2__FBPGM002,BP Gas Marketing Limited,S,60.0,BATTERIES
FDUNT-1,E_FDUN-1,Whitetower Energy Limited,E,99.0,OCGT
FELL-1,E_FELL-1,NDA,E,140.0,CCGT
FERR-1,,,,,COAL
FERR-2,,,,,COAL
FERR-3,,,,,COAL
FERRB-1,T_FERRB-1,SSE BATTERY SALISBURY LIMITED,T,76.0,BATTERIES
FERRB-2,T_FERRB-2,SSE BATTERY SALISBURY LIMITED,T,76.0,BATTERIES
FFES-1,T_FFES-1,First Hydro Company,T,91.033,NPSHYD
FFES-2,T_FFES-2,First Hydro Company,T,91.875,NPSHYD
FFES-3,T_FFES-3,First Hydro Company,T,90.922,NPSHYD
FFES-4,T_FFES-4,First Hydro Company,T,90.92,NPSHYD
FFSE01,2__FCMRO002,BGI Trading Limited,S,25.0,BATTERIES
FINL-1,T_FINL-1,SSE Generation Ltd,T,85.794,NPSHYD
FOXJD-1,,,,,OTHER
FOXJD-2,,,,,OTHER
FOYE-1,T_FOYE-1,SSE Generation Ltd,T,160.0,PS
FOYE-2,T_FOYE-2,SSE Generation Ltd,T,160.0,PS
FOYED-1,T_FOYED-1,SSE Generation Ltd,T,1.04,OTHER
FRASFFR,,,,,DIESEL
FRBRW-1,,,,,WIND
FSDLW-1,T_FSDLW-1,Freasdail Energy Limited,T,22.2,WIND
FUABW-1,,,,,WIND
GABNE-1,,,,,WIND
GAOFO-1,T_GANW-11,Galloper Offshore WindFarm Ltd,T,88.0,WIND
GAOFO-2,T_GANW-22,Galloper Offshore WindFarm Ltd,T,385.82,WIND
GAOFO-3,T_GANW-13,Galloper Offshore WindFarm Ltd,T,88.0,WIND
GAOFO-4,T_GANW-24,Galloper Offshore WindFarm Ltd,T,88.0,WIND
GARBR-1,,,,,WIND
GAUR-1,,,,,NPSHYD
GBND_11,,,,,BATTERIES
GBND_9,,,,,BATTERIES
GCAAD-1,,,,,WIND
GCAAD-2,,,,,WIND
GCHAP-1,,,,,WIND
GCOAT-1,,,,,WIND
GCOUA-1,,,,,WIND
GCOYL-1,,,,,WIND
GCOYL-2,,,,,WIND
GCUMB-1,,,,,WIND
GDEVO-1,,,,,WIND
GDSTW-1,E_GDSTW-1,Mobius Renewables Gen. (GB),E,13.289,WIND
GFLDW-1,E_GFLDW-1,Edgware Energy Limited,E,32.8,WIND
GHAV01,,,,,CCGT
GLCHW-1,E_GLCHW-1,ENGIE Power Limited,E,27.44,WIND
GLEN-1,,,,,NPSHYD
GLEN-2,,,,,NPSHYD
GLEND-1,T_GLEND-1,SSE Generation Ltd,T,0.1,OTHER
GLLEH-1,,,,,NPSHYD
GLNDO-1,T_GLNDO-1,SSE Generation Ltd,T,100.0,NPSHYD
GLNKW-1,T_GLNKW-1,EDF Energy Customers Limited,T,52.0,WIND
GLOFW-1,E_GLOFW-1,Glens of Foudland Ltd,E,26.7,WIND
GLSBB-1,2__JCPPR002,Octopus Energy Trading Limited,S,10.0,BATTERIES
GLTCW-1,,,,,WIND
GLWSW-1,T_GLWSW-1,GALAWHISTLE WIND FARM,T,55.2,WIND
GNAPW-1,T_GNAPW-1,SP Renewables (UK) Limited,T,22.0,WIND
GNFSW-1,T_GNFSW-1,Gunfleet Sands Limited,T,108.0,WIND
GNFSW-2,T_GNFSW-2,Gunfleet Sands II Limited,T,64.48,WIND
GORDW-1,T_GORDW-1,SSE Generation Ltd,T,86.764,WIND
GORDW-2,T_GORDW-2,SSE Generation Ltd,T,58.733,WIND
GOSHS-1,E_GOSHS-1,Conrad Energy (Trading) Ltd,E,20.0,GAS
GOWKD-1,T_GOWKD-1,EDF Energy Customers Limited,T,0.0,OTHER
GPEHG-1,,,,,WIND
GPOOB-1,,,,,WIND
GRAI-6,T_GRAI-6,Uniper UK Limited,T,468.0,CCGT
GRAI-7,T_GRAI-7,Uniper UK Limited,T,468.0,CCGT
GRAI-8,T_GRAI-8,Uniper UK Limited,T,468.0,CCGT
GRAI1G,T_GRAI1G,Uniper UK Limited,T,30.0,OCGT
GRAI4G,T_GRAI4G,Uniper UK Limited,T,29.67,OCGT
GRAISC-1,T_GRAISC-1,Uniper UK Limited,T,0.0,OTHER
GRAISC-2,T_GRAISC-2,Uniper UK Limited,T,0.0,OTHER
GRCRB-1,E_GRCRB-1,FIELD GERRARDS CROSS LTD,E,20.0,BATTERIES
GRFLB-1,E_GRFLB-1,Conrad Energy (Trading) Ltd,E,40.0,BATTERIES
GRGBW-1,T_GRGBW-1,Greater Gabbard Offshore Winds,T,205.0,WIND
GRGBW-2,T_GRGBW-2,Greater Gabbard Offshore Winds,T,167.0,WIND
GRGBW-3,T_GRGBW-3,Greater Gabbard Offshore Winds,T,167.0,WIND
GRGRW-1,E_GRGRW-1,Evolve Energy Supply Limited,E,37.649,WIND
GRIFW-1,T_GRIFW-1,Griffin Wind Farm Ltd,T,102.0,WIND
GRIFW-2,T_GRIFW-2,Griffin Wind Farm Ltd,T,104.0,WIND
GRKNW-1,,,,,WIND
GRMO-1,T_GRMO-1,Grangemouth CHP Ltd,T,0.0,BIOMASS
GRTSC-1,T_GRTSC-1,Flexitricity Limited,T,0.0,LOAD RESPONSE
GRUB-1,,,,,NPSHYD
GRUB-2,,,,,NPSHYD
GSACO-1,,,,,WIND
GSACO-2,,,,,WIND
GSMA03,2__GSMAE003,Smartestenergy Limited,S,61.882,CCGT
GSTRI-3,,,,,WIND
GTAYN-1,,,,,WIND
GTHSO-1,,,,,WIND
GTHSO-2,,,,,WIND
GYAR-1,E_GYAR-1,RWE Generation UK plc,E,420.0,CCGT
GYMRO-15,T_GYMR-15,Gwynt y Mor Offshore Wind Farm,T,148.0,WIND
GYMRO-17,T_GYMR-17,Gwynt y Mor Offshore Wind Farm,T,148.0,WIND
GYMRO-26,T_GYMR-26,Gwynt y Mor Offshore Wind Farm,T,148.0,WIND
GYMRO-28,T_GYMR-28,Gwynt y Mor Offshore Wind Farm,T,148.0,WIND
HADHW-1,T_HADHW-1,SSE Renewables Wind Farms,T,130.0,WIND
HAGHW-2,T_HAGHW-2,HAGSHAW HILL REPOWERING LTD,T,51.3,WIND
HAHAW-1,T_HAHAW-1,HAGSHAW HILL REPOWERING LTD,T,30.258,WIND
HALSW-1,T_HALSW-1,SP Renewables (UK) Limited,T,30.0,WIND
HAMHB-1,T_HAMHB-1,Welbar Energy Storage Limited,T,100.0,OTHER
HAMHB-2,T_HAMHB-2,Welbar Energy Storage Limited,T,100.0,OTHER
HAMHB-3,T_HAMHB-3,Welbar Energy Storage Limited,T,100.0,OTHER
HAMHB-4,T_HAMHB-4,Welbar Energy Storage Limited,T,100.0,OTHER
HAWFW-1,,,,,WIND
HAWKB-1,E_HAWKB-1,Tesla Motors Limited,E,20.0,BATTERIES
HBHDW-1,E_HBHDW-1,LDV Harburnhead Ltd,E,51.7,WIND
HEYM11,T_HEYM11,EDF Energy Nuclear Generation,T,610.0,NUCLEAR
HEYM12,T_HEYM12,EDF Energy Nuclear Generation,T,585.0,NUCLEAR
HEYM27,T_HEYM27,EDF Energy Nuclear Generation,T,660.0,NUCLEAR
HEYM28,T_HEYM28,EDF Energy Nuclear Generation,T,676.152,NUCLEAR
HEYM2D-1,T_HEYM2-D,EDF Energy Nuclear Generation,T,0.0,OTHER
HFSE01,,,,,BATTERIES
HFSE02,2__HCMRO002,BGI Trading Limited,S,47.354,BATTERIES
HINB-7,T_HINB-7,EDF Energy Nuclear Generation,T,0.0,NUCLEAR
HINB-8,T_HINB-8,EDF Energy Nuclear Generation,T,0.0,NUCLEAR
HIRWB-1,V__KHABI007,Habitat Energy Limited,V,0.0,BATTERIES
HIRWN-1,T_HIRWN-1,Hirwaun Power Limited,T,299.0,OCGT
HLGLW-1,E_HLGLW-1,ENGIE Power Limited,E,28.0,WIND
HLLHG-1,V__GFORS004,Forsa Trading Limited,V,20.0,GAS
HLTWW-1,E_HLTWW-1,ScottishPower Energy Retail,E,48.0,WIND
HMGTO-1,T_HMGTO-1,RWE Renewables UK Humber Wind,T,108.0,WIND
HMGTO-2,T_HMGTO-2,RWE Renewables UK Humber Wind,T,111.0,WIND
HOWAO-1,T_HOWAO-1,Hornsea 1 Limited,T,400.0,WIND
HOWAO-2,T_HOWAO-2,Hornsea 1 Limited,T,400.0,WIND
HOWAO-3,T_HOWAO-3,Hornsea 1 Limited,T,400.0,WIND
HOWBO-1,T_HOWBO-1,Breesea Limited,T,440.0,WIND
HOWBO-2,T_HOWBO-2,Sonningmay Wind Limited,T,440.0,WIND
HOWBO-3,T_HOWBO-3,Soundmark Wind Limited,T,440.0,WIND
HOWCO-2,,,,,WIND
HRHLW-1,E_HRHLW-1,SP Renewables (UK) Limited,E,30.0,WIND
HRSTB-1,T_HRSTB-1,SP Renewables (UK) Limited,T,52.0,BATTERIES
HRSTW-1,T_HRSTW-1,SP Renewables (UK) Limited,T,142.3,WIND
HRTL-1,T_HRTL-1,EDF Energy Nuclear Generation,T,620.0,NUCLEAR
HRTL-2,T_HRTL-2,EDF Energy Nuclear Generation,T,620.0,NUCLEAR
HRTMG-1,V__FFORS001,Forsa Trading Limited,V,50.0,GAS
HSSE01,2__HIMPO002,SSE Energy Supply Limited,S,49.197,BATTERIES
HUMR-1,T_HUMR-1,VPI Immingham LLP,T,1283.0,CCGT
HUMR-2,T_HUMR-2,VPI Immingham Energy Park A,T,50.0,GAS
HUMR-4,,,,,OCGT
HUNB-7,T_HUNB-7,EDF Energy Nuclear Generation,T,510.0,NUCLEAR
HUNB-8,T_HUNB-8,EDF Energy Nuclear Generation,T,510.0,NUCLEAR
HYWDW-1,E_HYWDW-1,HYWINDSC,E,30.0,WIND
I2D-ALEU1,I_I2D-ALEU1,Alphataraxia Europium BV,I,0.0,INTERCONNECTOR
I2D-ALIP1,I_I2D-ALIP1,Energetick ApS,I,0.0,INTERCONNECTOR
I2D-ALPE1,I_I2D-ALPE1,Alpha Energy ApS,I,0.0,INTERCONNECTOR
I2D-ARON1,I_I2D-ARON1,J.Aron & Company,I,0.0,INTERCONNECTOR
I2D-AROS1,I_I2D-AROS1,Arosource ApS,I,0.0,INTERCONNECTOR
I2D-ARTH1,I_I2D-ARTH1,Aarhus Trading A/S,I,0.0,INTERCONNECTOR
I2D-ATLS1,I_I2D-ATLS1,Atlas Energy DAC,I,0.0,INTERCONNECTOR
I2D-AXPO1,I_I2D-AXPO1,Axpo Solutions AG,I,0.0,INTERCONNECTOR
I2D-BAYW1,I_I2D-BAYW1,Baywa r.e. Energy Trading GmbH,I,0.0,INTERCONNECTOR
I2D-BDEN1,I_I2D-BDEN1,BD Energy A/S,I,0.0,INTERCONNECTOR
I2D-BKWE1,I_I2D-BKWE1,BKW Energie AG,I,0.0,INTERCONNECTOR
I2D-BNPS1,I_I2D-BNPS1,BNP Paribas,I,0.0,INTERCONNECTOR
I2D-BPGM1,I_I2D-BPGM1,BP Gas Marketing Limited,I,0.0,INTERCONNECTOR
I2D-CACM1,I_I2D-CACM1,C A Commodities A/S,I,0.0,INTERCONNECTOR
I2D-CBST1,I_I2D-CBST1,Cobblestone Energy,I,0.0,INTERCONNECTOR
I2D-CCME1,I_I2D-CCME1,Castleton Commodities Europe,I,0.0,INTERCONNECTOR
I2D-CENT1,I_I2D-CENT1,Centrica Energy Limited,I,0.0,INTERCONNECTOR
I2D-CETL1,I_I2D-CETL1,Conrad Energy (Trading) Ltd,I,0.0,INTERCONNECTOR
I2D-CEZC1,I_I2D-CEZC1,CEZ A.S,I,0.0,INTERCONNECTOR
I2D-CFPE1,I_I2D-CFPE1,CFP Commodities Limited,I,0.0,INTERCONNECTOR
I2D-CNGS1,I_I2D-CNGS1,Cenergise Limited,I,0.0,INTERCONNECTOR
I2D-CNRE1,I_I2D-CNRE1,Compagnie Nationale du Rhone,I,0.0,INTERCONNECTOR
I2D-COMM1,I_I2D-COMM1,COMCOM Trading d.o.o,I,0.0,INTERCONNECTOR
I2D-CONS1,I_I2D-CONS1,Constellation Generation LTD,I,0.0,INTERCONNECTOR
I2D-CONV1,I_I2D-CONV1,Convex Energy GmbH,I,0.0,INTERCONNECTOR
I2D-COPN1,I_I2D-COPN1,Copenhagen Energy Trading A/S,I,0.0,INTERCONNECTOR
I2D-CURR1,I_I2D-CURR1,Current Commodities A/S,I,0.0,INTERCONNECTOR
I2D-DARE1,I_I2D-DARE1,Dare Power Ltd,I,0.0,INTERCONNECTOR
I2D-DMCC1,I_I2D-DMCC1,Cobblestone Energy DMCC,I,0.0,INTERCONNECTOR
I2D-DSKC1,I_I2D-DSKC1,Danske Commodities A/S,I,0.0,INTERCONNECTOR
I2D-DUEN1,I_I2D-DUEN1,Duferco Energia S.p.A.,I,0.0,INTERCONNECTOR
I2D-DUGE1,I_I2D-DUGE1,DXT Commodities SA,I,0.0,INTERCONNECTOR
I2D-DVAL1,I_I2D-DVAL1,DVALIN ApS,I,0.0,INTERCONNECTOR
I2D-DVTD1,I_I2D-DVTD1,DV Trading (Europe) P/S,I,0.0,INTERCONNECTOR
I2D-EDFT1,I_I2D-EDFT1,EDF TRADING LIMITED,I,0.0,INTERCONNECTOR
I2D-EDMK1,I_I2D-EDMK1,Mind Energy A/S,I,0.0,INTERCONNECTOR
I2D-EENG1,I_I2D-EENG1,Eio Energi ApS,I,0.0,INTERCONNECTOR
I2D-ELEE1,I_I2D-ELEE1,Electrabel SA,I,0.0,INTERCONNECTOR
I2D-ELTR1,I_I2D-ELTR1,ElectroRoute Energy Trading,I,0.0,INTERCONNECTOR
I2D-ENBW1,I_I2D-ENBW1,EnBW Energie Ba-Wu AG,I,0.0,INTERCONNECTOR
I2D-ENKI1,I_I2D-ENKI1,ENKI TRADING S.R.O.,I,0.0,INTERCONNECTOR
I2D-ENSC1,I_I2D-ENSC1,EnSCo Energy Services Company,I,0.0,INTERCONNECTOR
I2D-ENSP1,I_I2D-ENSP1,enspired GmbH,I,0.0,INTERCONNECTOR
I2D-ENTC1,I_I2D-ENTC1,Energetech Europe BV,I,0.0,INTERCONNECTOR
I2D-ENZL1,I_I2D-ENZL1,ENZOL Energy Trading ApS,I,0.0,INTERCONNECTOR
I2D-EPCO1,I_I2D-EPCO1,EP COMMODITIES A.S,I,0.0,INTERCONNECTOR
I2D-EWII1,I_I2D-EWII1,EWII Energi A/S,I,0.0,INTERCONNECTOR
I2D-EXXO1,I_I2D-EXXO1,EXXONMOBIL GAS MARKETING,I,0.0,INTERCONNECTOR
I2D-EZCO1,I_I2D-EZCO1,ENZEE Commodities A/S,I,0.0,INTERCONNECTOR
I2D-EZPD1,I_I2D-EZPD1,Ezpada AG,I,0.0,INTERCONNECTOR
I2D-FLEX1,I_I2D-FLEX1,Citadel FlexPower GmbH,I,0.0,INTERCONNECTOR
I2D-GASE1,I_I2D-GASE1,ENGIE GLOBAL MARKETS,I,0.0,INTERCONNECTOR
I2D-GAZP1,I_I2D-GAZP1,SEFE Marketing & Trading LTD,I,0.0,INTERCONNECTOR
I2D-GENI1,I_I2D-GENI1,"GEN-I, d.o.o.",I,0.0,INTERCONNECTOR
I2D-GLEN1,I_I2D-GLEN1,Glencore Energy UK Ltd,I,0.0,INTERCONNECTOR
I2D-GRMC1,I_I2D-GRMC1,A/S Global Risk Management Ltd,I,0.0,INTERCONNECTOR
I2D-GRMT1,I_I2D-GRMT1,A/S Global Risk Management Ltd,I,0.0,INTERCONNECTOR
I2D-HART1,I_I2D-HART1,HAPPGCO,I,0.0,INTERCONNECTOR
I2D-HELI1,I_I2D-HELI1,Helios Power Trading A/S,I,0.0,INTERCONNECTOR
I2D-IBES1,I_I2D-IBES1,Iberdrola Energia Espana S.AU.,I,0.0,INTERCONNECTOR
I2D-IDCT1,I_I2D-IDCT1,Inductive Energy A/S,I,0.0,INTERCONNECTOR
I2D-IMPT1,I_I2D-IMPT1,Impact Energy Trading A/S,I,0.0,INTERCONNECTOR
I2D-INCM1,I_I2D-INCM1,IN COMMODITIES A/S,I,0.0,INTERCONNECTOR
I2D-JWME1,I_I2D-JWME1,JWM Energia,I,0.0,INTERCONNECTOR
I2D-KVAS1,I_I2D-KVAS1,Kvasir Technologies,I,0.0,INTERCONNECTOR
I2D-MCRA1,I_I2D-MCRA1,Mercuria Energy Trading SA,I,0.0,INTERCONNECTOR
I2D-MELT1,I_I2D-MELT1,Metlen International AG,I,0.0,INTERCONNECTOR
I2D-MFTE1,I_I2D-MFTE1,MFT Energy A/S,I,0.0,INTERCONNECTOR
I2D-MQBN1,I_I2D-MQBN1,Macquarie Bank Limited,I,0.0,INTERCONNECTOR
I2D-NDPL1,I_I2D-NDPL1,European Market Coupling,I,0.0,INTERCONNECTOR
I2D-NEAS1,I_I2D-NEAS1,Centrica Energy Trading A/S,I,0.0,INTERCONNECTOR
I2D-NEHO1,I_I2D-NEHO1,Nordic Energy House ApS,I,0.0,INTERCONNECTOR
I2D-NITR1,I_I2D-NITR1,Nitor Energy A/S,I,0.0,INTERCONNECTOR
I2D-NORL1,I_I2D-NORL1,Norlys Energy Trading A/S,I,0.0,INTERCONNECTOR
I2D-NTPL1,I_I2D-NTPL1,Northpool BV,I,0.0,INTERCONNECTOR
I2D-OMPX1,I_I2D-OMPX1,Ompex AG,I,0.0,INTERCONNECTOR
I2D-OPMX1,I_I2D-OPMX1,Optimax Energy GmbH,I,0.0,INTERCONNECTOR
I2D-OUTL1,I_I2D-OUTL1,Outlook Energy Ltd,I,0.0,INTERCONNECTOR
I2D-PEAK1,I_I2D-PEAK1,Peak Gen Top Co Limited,I,0.0,INTERCONNECTOR
I2D-PETC1,I_I2D-PETC1,PETROCHINA INTL LONDON CO. LTD,I,0.0,INTERCONNECTOR
I2D-POWT1,,,,,INTERCONNECTOR
I2D-PREP1,I_I2D-PREP1,Yuno Limited,I,0.0,INTERCONNECTOR
I2D-PWMR1,I_I2D-PWMR1,PowerMart ApS,I,0.0,INTERCONNECTOR
I2D-QTPT1,I_I2D-QTPT1,Quantum Power Trading,I,0.0,INTERCONNECTOR
I2D-QUAR1,I_I2D-QUAR1,Quark Energy Trading Limited,I,0.0,INTERCONNECTOR
I2D-QUEN1,I_I2D-QUEN1,QUENT ApS,I,0.0,INTERCONNECTOR
I2D-RESP1,I_I2D-RESP1,RESPECT ENERGY S.A.,I,0.0,INTERCONNECTOR
I2D-RISQ1,I_I2D-RISQ1,Risq Energy Limited,I,0.0,INTERCONNECTOR
I2D-RWES1,I_I2D-RWES1,RWE Supply and Trading GmbH,I,0.0,INTERCONNECTOR
I2D-SEAG1,I_I2D-SEAG1,Seagull Energy Trading,I,0.0,INTERCONNECTOR
I2D-SECF1,I_I2D-SECF1,Second Foundation Trading AG,I,0.0,INTERCONNECTOR
I2D-SETL1,I_I2D-SETL1,Shell Energy Europe Limited,I,0.0,INTERCONNECTOR
I2D-SIRI1,I_I2D-SIRI1,Sirius Energy SA,I,0.0,INTERCONNECTOR
I2D-SSEG1,I_I2D-SSEG1,SSE Energy Supply Limited,I,0.0,INTERCONNECTOR
I2D-STAT1,I_I2D-STAT1,Statkraft Markets Gmbh,I,0.0,INTERCONNECTOR
I2D-STGS1,I_I2D-STGS1,STG Switzerland GmbH,I,0.0,INTERCONNECTOR
I2D-TGPL1,I_I2D-TGPL1,TotalEnergies Gas & Power Ltd,I,0.0,INTERCONNECTOR
I2D-TILD1,I_I2D-TILD1,Tilde Energy Trading A/S,I,0.0,INTERCONNECTOR
I2D-TRFD1,I_I2D-TRFD1,Trafigura Denmark ApS,I,0.0,INTERCONNECTOR
I2D-TRFG1,I_I2D-TRFG1,Trafigura Trading Sarl,I,0.0,INTERCONNECTOR
I2D-TRGY1,I_I2D-TRGY1,Tradergy S. L.,I,0.0,INTERCONNECTOR
I2D-TRLS1,I_I2D-TRLS1,Engelhart CTP Renewables GmbH,I,0.0,INTERCONNECTOR
I2D-TRSI1,I_I2D-TRSI1,Trasteel International SA,I,0.0,INTERCONNECTOR
I2D-VOLT1,I_I2D-VOLT1,Volta Energy DAC,I,0.0,INTERCONNECTOR
I2D-VSAL1,I_I2D-VSAL1,VITOL SA,I,0.0,INTERCONNECTOR
I2D-VTUS1,I_I2D-VTUS1,Vitus Capital AG,I,0.0,INTERCONNECTOR
I2D-WOLF1,I_I2D-WOLF1,Wolfram Trading ApS,I,0.0,INTERCONNECTOR
I2D-XNON1,I_I2D-XNON1,XENON CAPITAL MARKETS LTD,I,0.0,INTERCONNECTOR
I2G-ALEU1,I_I2G-ALEU1,Alphataraxia Europium BV,I,1000.0,INTERCONNECTOR
I2G-ALIP1,I_I2G-ALIP1,Energetick ApS,I,1000.0,INTERCONNECTOR
I2G-ALPE1,I_I2G-ALPE1,Alpha Energy ApS,I,500.0,INTERCONNECTOR
I2G-ARON1,I_I2G-ARON1,J.Aron & Company,I,1000.0,INTERCONNECTOR
I2G-AROS1,I_I2G-AROS1,Arosource ApS,I,1000.0,INTERCONNECTOR
I2G-ARTH1,I_I2G-ARTH1,Aarhus Trading A/S,I,1000.0,INTERCONNECTOR
I2G-ATLS1,I_I2G-ATLS1,Atlas Energy DAC,I,1000.0,INTERCONNECTOR
I2G-AXPO1,I_I2G-AXPO1,Axpo Solutions AG,I,300.0,INTERCONNECTOR
I2G-BAYW1,I_I2G-BAYW1,Baywa r.e. Energy Trading GmbH,I,1000.0,INTERCONNECTOR
I2G-BDEN1,I_I2G-BDEN1,BD Energy A/S,I,720.0,INTERCONNECTOR
I2G-BKWE1,I_I2G-BKWE1,BKW Energie AG,I,1000.0,INTERCONNECTOR
I2G-BNPS1,I_I2G-BNPS1,BNP Paribas,I,1000.0,INTERCONNECTOR
I2G-BPGM1,I_I2G-BPGM1,BP Gas Marketing Limited,I,1000.0,INTERCONNECTOR
I2G-CACM1,I_I2G-CACM1,C A Commodities A/S,I,1000.0,INTERCONNECTOR
I2G-CBST1,I_I2G-CBST1,Cobblestone Energy,I,1000.0,INTERCONNECTOR
I2G-CCME1,I_I2G-CCME1,Castleton Commodities Europe,I,1014.0,INTERCONNECTOR
I2G-CENT1,I_I2G-CENT1,Centrica Energy Limited,I,2000.0,INTERCONNECTOR
I2G-CETL1,I_I2G-CETL1,Conrad Energy (Trading) Ltd,I,1000.0,INTERCONNECTOR
I2G-CEZC1,I_I2G-CEZC1,CEZ A.S,I,1000.0,INTERCONNECTOR
I2G-CFPE1,I_I2G-CFPE1,CFP Commodities Limited,I,1000.0,INTERCONNECTOR
I2G-CNGS1,I_I2G-CNGS1,Cenergise Limited,I,1000.0,INTERCONNECTOR
I2G-CNRE1,I_I2G-CNRE1,Compagnie Nationale du Rhone,I,1000.0,INTERCONNECTOR
I2G-COMM1,I_I2G-COMM1,COMCOM Trading d.o.o,I,1000.0,INTERCONNECTOR
I2G-CONS1,I_I2G-CONS1,Constellation Generation LTD,I,1000.0,INTERCONNECTOR
I2G-CONV1,I_I2G-CONV1,Convex Energy GmbH,I,500.0,INTERCONNECTOR
I2G-COPN1,I_I2G-COPN1,Copenhagen Energy Trading A/S,I,1000.0,INTERCONNECTOR
I2G-CURR1,I_I2G-CURR1,Current Commodities A/S,I,2000.0,INTERCONNECTOR
I2G-DARE1,I_I2G-DARE1,Dare Power Ltd,I,2000.0,INTERCONNECTOR
I2G-DMCC1,I_I2G-DMCC1,Cobblestone Energy DMCC,I,1000.0,INTERCONNECTOR
I2G-DSKC1,I_I2G-DSKC1,Danske Commodities A/S,I,1500.0,INTERCONNECTOR
I2G-DUEN1,I_I2G-DUEN1,Duferco Energia S.p.A.,I,200.0,INTERCONNECTOR
I2G-DUGE1,I_I2G-DUGE1,DXT Commodities SA,I,1000.0,INTERCONNECTOR
I2G-DVAL1,I_I2G-DVAL1,DVALIN ApS,I,1000.0,INTERCONNECTOR
I2G-DVTD1,I_I2G-DVTD1,DV Trading (Europe) P/S,I,1000.0,INTERCONNECTOR
I2G-EDFT1,I_I2G-EDFT1,EDF TRADING LIMITED,I,1000.0,INTERCONNECTOR
I2G-EDMK1,I_I2G-EDMK1,Mind Energy A/S,I,1500.0,INTERCONNECTOR
I2G-EENG1,I_I2G-EENG1,Eio Energi ApS,I,50.0,INTERCONNECTOR
I2G-ELEE1,I_I2G-ELEE1,Electrabel SA,I,1000.0,INTERCONNECTOR
I2G-ELTR1,I_I2G-ELTR1,ElectroRoute Energy Trading,I,1000.0,INTERCONNECTOR
I2G-ENBW1,I_I2G-ENBW1,EnBW Energie Ba-Wu AG,I,1000.0,INTERCONNECTOR
I2G-ENKI1,I_I2G-ENKI1,ENKI TRADING S.R.O.,I,500.0,INTERCONNECTOR
I2G-ENSC1,I_I2G-ENSC1,EnSCo Energy Services Company,I,1000.0,INTERCONNECTOR
I2G-ENSP1,I_I2G-ENSP1,enspired GmbH,I,1000.0,INTERCONNECTOR
I2G-ENTC1,I_I2G-ENTC1,Energetech Europe BV,I,500.0,INTERCONNECTOR
I2G-ENZL1,I_I2G-ENZL1,ENZOL Energy Trading ApS,I,800.0,INTERCONNECTOR
I2G-EPCO1,I_I2G-EPCO1,EP COMMODITIES A.S,I,300.0,INTERCONNECTOR
I2G-EWII1,I_I2G-EWII1,EWII Energi A/S,I,1000.0,INTERCONNECTOR
I2G-EXXO1,I_I2G-EXXO1,EXXONMOBIL GAS MARKETING,I,1000.0,INTERCONNECTOR
I2G-EZCO1,I_I2G-EZCO1,ENZEE Commodities A/S,I,1000.0,INTERCONNECTOR
I2G-EZPD1,I_I2G-EZPD1,Ezpada AG,I,500.0,INTERCONNECTOR
I2G-FLEX1,I_I2G-FLEX1,Citadel FlexPower GmbH,I,1000.0,INTERCONNECTOR
I2G-GASE1,I_I2G-GASE1,ENGIE GLOBAL MARKETS,I,1000.0,INTERCONNECTOR
I2G-GAZP1,I_I2G-GAZP1,SEFE Marketing & Trading LTD,I,500.0,INTERCONNECTOR
I2G-GENI1,I_I2G-GENI1,"GEN-I, d.o.o.",I,1000.0,INTERCONNECTOR
I2G-GLEN1,I_I2G-GLEN1,Glencore Energy UK Ltd,I,1000.0,INTERCONNECTOR
I2G-GRMC1,I_I2G-GRMC1,A/S Global Risk Management Ltd,I,1000.0,INTERCONNECTOR
I2G-GRMT1,I_I2G-GRMT1,A/S Global Risk Management Ltd,I,500.0,INTERCONNECTOR
I2G-HART1,I_I2G-HART1,HAPPGCO,I,1000.0,INTERCONNECTOR
I2G-HELI1,I_I2G-HELI1,Helios Power Trading A/S,I,1000.0,INTERCONNECTOR
I2G-IBES1,I_I2G-IBES1,Iberdrola Energia Espana S.AU.,I,1000.0,INTERCONNECTOR
I2G-IDCT1,I_I2G-IDCT1,Inductive Energy A/S,I,1000.0,INTERCONNECTOR
I2G-IMPT1,I_I2G-IMPT1,Impact Energy Trading A/S,I,1000.0,INTERCONNECTOR
I2G-INCM1,I_I2G-INCM1,IN COMMODITIES A/S,I,1000.0,INTERCONNECTOR
I2G-JWME1,I_I2G-JWME1,JWM Energia,I,1000.0,INTERCONNECTOR
I2G-KVAS1,I_I2G-KVAS1,Kvasir Technologies,I,50.0,INTERCONNECTOR
I2G-MCRA1,I_I2G-MCRA1,Mercuria Energy Trading SA,I,1000.0,INTERCONNECTOR
I2G-MELT1,I_I2G-MELT1,Metlen International AG,I,1000.0,INTERCONNECTOR
I2G-MFTE1,I_I2G-MFTE1,MFT Energy A/S,I,1000.0,INTERCONNECTOR
I2G-MQBN1,I_I2G-MQBN1,Macquarie Bank Limited,I,1000.0,INTERCONNECTOR
I2G-NDPL1,I_I2G-NDPL1,European Market Coupling,I,1100.0,INTERCONNECTOR
I2G-NEAS1,I_I2G-NEAS1,Centrica Energy Trading A/S,I,2000.0,INTERCONNECTOR
I2G-NEHO1,I_I2G-NEHO1,Nordic Energy House ApS,I,1000.0,INTERCONNECTOR
I2G-NITR1,I_I2G-NITR1,Nitor Energy A/S,I,1000.0,INTERCONNECTOR
I2G-NORL1,I_I2G-NORL1,Norlys Energy Trading A/S,I,2000.0,INTERCONNECTOR
I2G-NTPL1,I_I2G-NTPL1,Northpool BV,I,1000.0,INTERCONNECTOR
I2G-OMPX1,I_I2G-OMPX1,Ompex AG,I,1000.0,INTERCONNECTOR
I2G-OPMX1,I_I2G-OPMX1,Optimax Energy GmbH,I,1000.0,INTERCONNECTOR
I2G-OUTL1,I_I2G-OUTL1,Outlook Energy Ltd,I,2000.0,INTERCONNECTOR
I2G-PEAK1,I_I2G-PEAK1,Peak Gen Top Co Limited,I,1000.0,INTERCONNECTOR
I2G-PETC1,I_I2G-PETC1,PETROCHINA INTL LONDON CO. LTD,I,1000.0,INTERCONNECTOR
I2G-POWT1,,,,,INTERCONNECTOR
I2G-PREP1,I_I2G-PREP1,Yuno Limited,I,1000.0,INTERCONNECTOR
I2G-PWMR1,I_I2G-PWMR1,PowerMart ApS,I,1000.0,INTERCONNECTOR
I2G-QTPT1,I_I2G-QTPT1,Quantum Power Trading,I,1000.0,INTERCONNECTOR
I2G-QUAR1,I_I2G-QUAR1,Quark Energy Trading Limited,I,1000.0,INTERCONNECTOR
I2G-QUEN1,I_I2G-QUEN1,QUENT ApS,I,1000.0,INTERCONNECTOR
I2G-RESP1,I_I2G-RESP1,RESPECT ENERGY S.A.,I,700.0,INTERCONNECTOR
I2G-RISQ1,I_I2G-RISQ1,Risq Energy Limited,I,1000.0,INTERCONNECTOR
I2G-RWES1,I_I2G-RWES1,RWE Supply and Trading GmbH,I,1000.0,INTERCONNECTOR
I2G-SEAG1,I_I2G-SEAG1,Seagull Energy Trading,I,2000.0,INTERCONNECTOR
I2G-SECF1,I_I2G-SECF1,Second Foundation Trading AG,I,200.0,INTERCONNECTOR
I2G-SETL1,I_I2G-SETL1,Shell Energy Europe Limited,I,1000.0,INTERCONNECTOR
I2G-SIRI1,I_I2G-SIRI1,Sirius Energy SA,I,1000.0,INTERCONNECTOR
I2G-SSEG1,I_I2G-SSEG1,SSE Energy Supply Limited,I,0.0,INTERCONNECTOR
I2G-STAT1,I_I2G-STAT1,Statkraft Markets Gmbh,I,1000.0,INTERCONNECTOR
I2G-STGS1,I_I2G-STGS1,STG Switzerland GmbH,I,1000.0,INTERCONNECTOR
I2G-TGPL1,I_I2G-TGPL1,TotalEnergies Gas & Power Ltd,I,1000.0,INTERCONNECTOR
I2G-TILD1,I_I2G-TILD1,Tilde Energy Trading A/S,I,1000.0,INTERCONNECTOR
I2G-TRFD1,I_I2G-TRFD1,Trafigura Denmark ApS,I,1000.0,INTERCONNECTOR
I2G-TRFG1,I_I2G-TRFG1,Trafigura Trading Sarl,I,1000.0,INTERCONNECTOR
I2G-TRGY1,I_I2G-TRGY1,Tradergy S. L.,I,1400.0,INTERCONNECTOR
I2G-TRLS1,I_I2G-TRLS1,Engelhart CTP Renewables GmbH,I,1000.0,INTERCONNECTOR
I2G-TRSI1,I_I2G-TRSI1,Trasteel International SA,I,1000.0,INTERCONNECTOR
I2G-VOLT1,I_I2G-VOLT1,Volta Energy DAC,I,250.0,INTERCONNECTOR
I2G-VSAL1,I_I2G-VSAL1,VITOL SA,I,1000.0,INTERCONNECTOR
I2G-VTUS1,I_I2G-VTUS1,Vitus Capital AG,I,300.0,INTERCONNECTOR
I2G-WOLF1,I_I2G-WOLF1,Wolfram Trading ApS,I,800.0,INTERCONNECTOR
I2G-XNON1,I_I2G-XNON1,XENON CAPITAL MARKETS LTD,I,1000.0,INTERCONNECTOR
IBD-AARH1,I_IBD-AARH1,Aarhus Energy A/S,I,0.0,INTERCONNECTOR
IBD-ALIP1,I_IBD-ALIP1,Energetick ApS,I,0.0,INTERCONNECTOR
IBD-ALPE1,I_IBD-ALPE1,Alpha Energy ApS,I,0.0,INTERCONNECTOR
IBD-ARON1,I_IBD-ARON1,J.Aron & Company,I,0.0,INTERCONNECTOR
IBD-AROS1,I_IBD-AROS1,Arosource ApS,I,0.0,INTERCONNECTOR
IBD-ARTH1,I_IBD-ARTH1,Aarhus Trading A/S,I,0.0,INTERCONNECTOR
IBD-ATLS1,I_IBD-ATLS1,Atlas Energy DAC,I,0.0,INTERCONNECTOR
IBD-BARC1,,,,,INTERCONNECTOR
IBD-BAYW1,I_IBD-BAYW1,Baywa r.e. Energy Trading GmbH,I,0.0,INTERCONNECTOR
IBD-BDEN1,I_IBD-BDEN1,BD Energy A/S,I,0.0,INTERCONNECTOR
IBD-BKWE1,I_IBD-BKWE1,BKW Energie AG,I,0.0,INTERCONNECTOR
IBD-BPGE1,I_IBD-BPGE1,BP Gas Marketing Limited,I,0.0,INTERCONNECTOR
IBD-BRTN1,I_IBD-BRTN1,BritNed Development Ltd,I,0.0,INTERCONNECTOR
IBD-CACM1,I_IBD-CACM1,C A Commodities A/S,I,0.0,INTERCONNECTOR
IBD-CBST1,I_IBD-CBST1,Cobblestone Energy,I,0.0,INTERCONNECTOR
IBD-CCME1,I_IBD-CCME1,Castleton Commodities Europe,I,0.0,INTERCONNECTOR
IBD-CENT1,I_IBD-CENT1,Centrica Energy Limited,I,0.0,INTERCONNECTOR
IBD-CETA1,I_IBD-CETA1,Cross Options International IV,I,0.0,INTERCONNECTOR
IBD-CEZC1,I_IBD-CEZC1,CEZ A.S,I,0.0,INTERCONNECTOR
IBD-CFPE1,I_IBD-CFPE1,CFP Commodities Limited,I,0.0,INTERCONNECTOR
IBD-CGML1,I_IBD-CGML1,Citigroup Global Markets Ltd,I,0.0,INTERCONNECTOR
IBD-CNGS1,I_IBD-CNGS1,Cenergise Limited,I,0.0,INTERCONNECTOR
IBD-COMM1,I_IBD-COMM1,COMCOM Trading d.o.o,I,0.0,INTERCONNECTOR
IBD-CONS1,I_IBD-CONS1,Constellation Generation LTD,I,0.0,INTERCONNECTOR
IBD-CONV1,I_IBD-CONV1,Convex Energy GmbH,I,0.0,INTERCONNECTOR
IBD-COPN1,I_IBD-COPN1,Copenhagen Energy Trading A/S,I,0.0,INTERCONNECTOR
IBD-CURR1,I_IBD-CURR1,Current Commodities A/S,I,0.0,INTERCONNECTOR
IBD-DARE1,I_IBD-DARE1,Dare Power Ltd,I,0.0,INTERCONNECTOR
IBD-DBNK1,,,,,INTERCONNECTOR
IBD-DMCC1,I_IBD-DMCC1,Cobblestone Energy DMCC,I,0.0,INTERCONNECTOR
IBD-DNGN1,I_IBD-DNGN1,Orsted Salg & Service A/S,I,0.0,INTERCONNECTOR
IBD-DSKC1,I_IBD-DSKC1,Danske Commodities A/S,I,0.0,INTERCONNECTOR
IBD-DUFE1,I_IBD-DUFE1,DXT Commodities SA,I,0.0,INTERCONNECTOR
IBD-DVAL1,I_IBD-DVAL1,DVALIN ApS,I,0.0,INTERCONNECTOR
IBD-DVTD1,I_IBD-DVTD1,DV Trading (Europe) P/S,I,0.0,INTERCONNECTOR
IBD-EDFT1,I_IBD-EDFT1,EDF TRADING LIMITED,I,0.0,INTERCONNECTOR
IBD-EDMK1,I_IBD-EDMK1,Mind Energy A/S,I,0.0,INTERCONNECTOR
IBD-EGEN1,,,,,INTERCONNECTOR
IBD-EGLE1,I_IBD-EGLE1,Axpo Solutions AG,I,0.0,INTERCONNECTOR
IBD-ELEE1,I_IBD-ELEE1,Electrabel SA,I,0.0,INTERCONNECTOR
IBD-ELTR1,I_IBD-ELTR1,ElectroRoute Energy Trading,I,0.0,INTERCONNECTOR
IBD-ENEL1,I_IBD-ENEL1,Enel Global Trading S.P.A,I,0.0,INTERCONNECTOR
IBD-ENET1,I_IBD-ENET1,Eneco Energy Trade,I,0.0,INTERCONNECTOR
IBD-ENGI1,,,,,INTERCONNECTOR
IBD-ENGM1,I_IBD-ENGM1,ENGIE GLOBAL MARKETS,I,0.0,INTERCONNECTOR
IBD-ENSP1,I_IBD-ENSP1,enspired GmbH,I,0.0,INTERCONNECTOR
IBD-ENTC1,I_IBD-ENTC1,Energetech Europe BV,I,0.0,INTERCONNECTOR
IBD-ENZL1,I_IBD-ENZL1,ENZOL Energy Trading ApS,I,0.0,INTERCONNECTOR
IBD-EOET1,I_IBD-EOET1,Uniper Global Commodities SE,I,0.0,INTERCONNECTOR
IBD-EPCO1,I_IBD-EPCO1,EP COMMODITIES A.S,I,0.0,INTERCONNECTOR
IBD-ERVA1,I_IBD-ERVA1,Erova Energy Limited,I,0.0,INTERCONNECTOR
IBD-ETSA1,,,,,INTERCONNECTOR
IBD-EWII1,I_IBD-EWII1,EWII Energi A/S,I,0.0,INTERCONNECTOR
IBD-EZCO1,I_IBD-EZCO1,ENZEE Commodities A/S,I,0.0,INTERCONNECTOR
IBD-EZPD1,I_IBD-EZPD1,Ezpada AG,I,0.0,INTERCONNECTOR
IBD-FLEX1,I_IBD-FLEX1,Citadel FlexPower GmbH,I,0.0,INTERCONNECTOR
IBD-FPCD1,I_IBD-FPCD1,Freepoint Commodities Europe,I,0.0,INTERCONNECTOR
IBD-GAZP1,I_IBD-GAZP1,SEFE Marketing & Trading LTD,I,0.0,INTERCONNECTOR
IBD-GENI1,I_IBD-GENI1,"GEN-I, d.o.o.",I,0.0,INTERCONNECTOR
IBD-GLEN1,I_IBD-GLEN1,Glencore Energy UK Ltd,I,0.0,INTERCONNECTOR
IBD-GRMC1,I_IBD-GRMC1,A/S Global Risk Management Ltd,I,0.0,INTERCONNECTOR
IBD-GRMT1,I_IBD-GRMT1,A/S Global Risk Management Ltd,I,0.0,INTERCONNECTOR
IBD-GRNC1,I_IBD-GRNC1,Greenchoice B.V.,I,0.0,INTERCONNECTOR
IBD-HART1,I_IBD-HART1,HAPPGCO,I,0.0,INTERCONNECTOR
IBD-HELI1,I_IBD-HELI1,Helios Power Trading A/S,I,0.0,INTERCONNECTOR
IBD-IBER1,,,,,INTERCONNECTOR
IBD-IBES1,I_IBD-IBES1,Iberdrola Energia Espana S.AU.,I,0.0,INTERCONNECTOR
IBD-IDCE1,I_IBD-IDCE1,DC Energy Trading V.O.F.,I,0.0,INTERCONNECTOR
IBD-IDCT1,I_IBD-IDCT1,Inductive Energy A/S,I,0.0,INTERCONNECTOR
IBD-IMCE1,,,,,INTERCONNECTOR
IBD-IMPT1,I_IBD-IMPT1,Impact Energy Trading A/S,I,0.0,INTERCONNECTOR
IBD-IMTC1,I_IBD-IMTC1,IMC Trading BV NL Denmark,I,0.0,INTERCONNECTOR
IBD-INCM1,I_IBD-INCM1,IN COMMODITIES A/S,I,0.0,INTERCONNECTOR
IBD-JPMS1,,,,,INTERCONNECTOR
IBD-KCST1,I_IBD-KCST1,KOCH SUPPLY & TRADING SARL,I,0.0,INTERCONNECTOR
IBD-KRIA1,I_IBD-KRIA1,Kria Energy ehf,I,0.0,INTERCONNECTOR
IBD-LTFD1,I_IBD-LTFD1,LIGHTFIELD LTD,I,0.0,INTERCONNECTOR
IBD-MCRA1,I_IBD-MCRA1,Mercuria Energy Trading SA,I,0.0,INTERCONNECTOR
IBD-MFTE1,I_IBD-MFTE1,MFT Energy A/S,I,0.0,INTERCONNECTOR
IBD-MLCE1,,,,,INTERCONNECTOR
IBD-MONL1,I_IBD-MONL1,Vitus Capital AG,I,0.0,INTERCONNECTOR
IBD-MQBK1,,,,,INTERCONNECTOR
IBD-MSCG1,,,,,INTERCONNECTOR
IBD-NBCF1,,,,,INTERCONNECTOR
IBD-NEAS1,I_IBD-NEAS1,Centrica Energy Trading A/S,I,0.0,INTERCONNECTOR
IBD-NEHO1,I_IBD-NEHO1,Nordic Energy House ApS,I,0.0,INTERCONNECTOR
IBD-NITR1,I_IBD-NITR1,Nitor Energy A/S,I,0.0,INTERCONNECTOR
IBD-NORL1,I_IBD-NORL1,Norlys Energy Trading A/S,I,0.0,INTERCONNECTOR
IBD-NTPL1,I_IBD-NTPL1,Northpool BV,I,0.0,INTERCONNECTOR
IBD-OMPX1,I_IBD-OMPX1,Ompex AG,I,0.0,INTERCONNECTOR
IBD-OPMX1,I_IBD-OPMX1,Optimax Energy GmbH,I,0.0,INTERCONNECTOR
IBD-OUTL1,I_IBD-OUTL1,Outlook Energy Ltd,I,0.0,INTERCONNECTOR
IBD-PETC1,I_IBD-PETC1,PETROCHINA INTL LONDON CO. LTD,I,0.0,INTERCONNECTOR
IBD-PWMR1,I_IBD-PWMR1,PowerMart ApS,I,0.0,INTERCONNECTOR
IBD-PZEM1,I_IBD-PZEM1,EP Commodities B.V.,I,0.0,INTERCONNECTOR
IBD-QTPT1,I_IBD-QTPT1,Quantum Power Trading,I,0.0,INTERCONNECTOR
IBD-QUAR1,I_IBD-QUAR1,Quark Energy Trading Limited,I,0.0,INTERCONNECTOR
IBD-QUEN1,I_IBD-QUEN1,QUENT ApS,I,0.0,INTERCONNECTOR
IBD-RESP1,I_IBD-RESP1,RESPECT ENERGY S.A.,I,0.0,INTERCONNECTOR
IBD-RISQ1,I_IBD-RISQ1,Risq Energy Limited,I,0.0,INTERCONNECTOR
IBD-RWES1,I_IBD-RWES1,RWE Supply and Trading GmbH,I,0.0,INTERCONNECTOR
IBD-SEAG1,I_IBD-SEAG1,Seagull Energy Trading,I,0.0,INTERCONNECTOR
IBD-SECF1,I_IBD-SECF1,Second Foundation Trading AG,I,0.0,INTERCONNECTOR
IBD-SETL1,I_IBD-SETL1,Shell Energy Europe Limited,I,0.0,INTERCONNECTOR
IBD-SIRI1,I_IBD-SIRI1,Sirius Energy SA,I,0.0,INTERCONNECTOR
IBD-SSEG1,I_IBD-SSEG1,SSE Energy Supply Limited,I,0.0,INTERCONNECTOR
IBD-STAT1,I_IBD-STAT1,Statkraft Markets Gmbh,I,0.0,INTERCONNECTOR
IBD-STGS1,I_IBD-STGS1,STG Switzerland GmbH,I,0.0,INTERCONNECTOR
IBD-TGPL1,I_IBD-TGPL1,TotalEnergies Gas & Power Ltd,I,0.0,INTERCONNECTOR
IBD-TILD1,I_IBD-TILD1,Tilde Energy Trading A/S,I,0.0,INTERCONNECTOR
IBD-TRFD1,I_IBD-TRFD1,Trafigura Denmark ApS,I,0.0,INTERCONNECTOR
IBD-TRFG1,I_IBD-TRFG1,Trafigura Trading Sarl,I,0.0,INTERCONNECTOR
IBD-TRLS1,I_IBD-TRLS1,Engelhart CTP Renewables GmbH,I,0.0,INTERCONNECTOR
IBD-VETR1,I_IBD-VETR1,Vattenfall Energy Trading,I,0.0,INTERCONNECTOR
IBD-VOLT1,I_IBD-VOLT1,Volta Energy DAC,I,0.0,INTERCONNECTOR
IBD-VSAL1,I_IBD-VSAL1,VITOL SA,I,0.0,INTERCONNECTOR
IBD-VTUS1,I_IBD-VTUS1,Vitus Capital AG,I,0.0,INTERCONNECTOR
IBD-XNON1,I_IBD-XNON1,XENON CAPITAL MARKETS LTD,I,0.0,INTERCONNECTOR
IBG-AARH1,I_IBG-AARH1,Aarhus Energy A/S,I,400.0,INTERCONNECTOR
IBG-ALIP1,I_IBG-ALIP1,Energetick ApS,I,100.0,INTERCONNECTOR
IBG-ALPE1,I_IBG-ALPE1,Alpha Energy ApS,I,500.0,INTERCONNECTOR
IBG-ARON1,I_IBG-ARON1,J.Aron & Company,I,1000.0,INTERCONNECTOR
IBG-AROS1,I_IBG-AROS1,Arosource ApS,I,1000.0,INTERCONNECTOR
IBG-ARTH1,I_IBG-ARTH1,Aarhus Trading A/S,I,1000.0,INTERCONNECTOR
IBG-ATLS1,I_IBG-ATLS1,Atlas Energy DAC,I,1000.0,INTERCONNECTOR
IBG-BARC1,,,,,INTERCONNECTOR
IBG-BAYW1,I_IBG-BAYW1,Baywa r.e. Energy Trading GmbH,I,1000.0,INTERCONNECTOR
IBG-BDEN1,I_IBG-BDEN1,BD Energy A/S,I,720.0,INTERCONNECTOR
IBG-BKWE1,I_IBG-BKWE1,BKW Energie AG,I,1000.0,INTERCONNECTOR
IBG-BPGE1,I_IBG-BPGE1,BP Gas Marketing Limited,I,1000.0,INTERCONNECTOR
IBG-BRTN1,I_IBG-BRTN1,BritNed Development Ltd,I,1478.2,OTHER
IBG-CACM1,I_IBG-CACM1,C A Commodities A/S,I,1000.0,INTERCONNECTOR
IBG-CBST1,I_IBG-CBST1,Cobblestone Energy,I,1000.0,INTERCONNECTOR
IBG-CCME1,I_IBG-CCME1,Castleton Commodities Europe,I,1000.0,INTERCONNECTOR
IBG-CENT1,I_IBG-CENT1,Centrica Energy Limited,I,1000.0,INTERCONNECTOR
IBG-CETA1,I_IBG-CETA1,Cross Options International IV,I,1000.0,INTERCONNECTOR
IBG-CEZC1,I_IBG-CEZC1,CEZ A.S,I,1000.0,INTERCONNECTOR
IBG-CFPE1,I_IBG-CFPE1,CFP Commodities Limited,I,1000.0,INTERCONNECTOR
IBG-CGML1,I_IBG-CGML1,Citigroup Global Markets Ltd,I,1000.0,INTERCONNECTOR
IBG-CNGS1,I_IBG-CNGS1,Cenergise Limited,I,1000.0,INTERCONNECTOR
IBG-COMM1,I_IBG-COMM1,COMCOM Trading d.o.o,I,1000.0,INTERCONNECTOR
IBG-CONS1,I_IBG-CONS1,Constellation Generation LTD,I,1000.0,INTERCONNECTOR
IBG-CONV1,I_IBG-CONV1,Convex Energy GmbH,I,500.0,INTERCONNECTOR
IBG-COPN1,I_IBG-COPN1,Copenhagen Energy Trading A/S,I,1000.0,INTERCONNECTOR
IBG-CURR1,I_IBG-CURR1,Current Commodities A/S,I,1044.0,INTERCONNECTOR
IBG-DARE1,I_IBG-DARE1,Dare Power Ltd,I,2000.0,INTERCONNECTOR
IBG-DBNK1,,,,,INTERCONNECTOR
IBG-DMCC1,I_IBG-DMCC1,Cobblestone Energy DMCC,I,1000.0,INTERCONNECTOR
IBG-DNGN1,I_IBG-DNGN1,Orsted Salg & Service A/S,I,1000.0,INTERCONNECTOR
IBG-DSKC1,I_IBG-DSKC1,Danske Commodities A/S,I,1000.0,INTERCONNECTOR
IBG-DUFE1,I_IBG-DUFE1,DXT Commodities SA,I,1000.0,INTERCONNECTOR
IBG-DVAL1,I_IBG-DVAL1,DVALIN ApS,I,1000.0,INTERCONNECTOR
IBG-DVTD1,I_IBG-DVTD1,DV Trading (Europe) P/S,I,1000.0,INTERCONNECTOR
IBG-EDFT1,I_IBG-EDFT1,EDF TRADING LIMITED,I,1000.0,INTERCONNECTOR
IBG-EDMK1,I_IBG-EDMK1,Mind Energy A/S,I,1400.0,INTERCONNECTOR
IBG-EGEN1,,,,,INTERCONNECTOR
IBG-EGLE1,I_IBG-EGLE1,Axpo Solutions AG,I,300.0,INTERCONNECTOR
IBG-ELEE1,I_IBG-ELEE1,Electrabel SA,I,1000.0,INTERCONNECTOR
IBG-ELTR1,I_IBG-ELTR1,ElectroRoute Energy Trading,I,1200.0,INTERCONNECTOR
IBG-ENEL1,I_IBG-ENEL1,Enel Global Trading S.P.A,I,2000.0,INTERCONNECTOR
IBG-ENET1,I_IBG-ENET1,Eneco Energy Trade,I,250.0,INTERCONNECTOR
IBG-ENGI1,,,,,INTERCONNECTOR
IBG-ENGM1,I_IBG-ENGM1,ENGIE GLOBAL MARKETS,I,1000.0,INTERCONNECTOR
IBG-ENSP1,I_IBG-ENSP1,enspired GmbH,I,1000.0,INTERCONNECTOR
IBG-ENTC1,I_IBG-ENTC1,Energetech Europe BV,I,500.0,INTERCONNECTOR
IBG-ENZL1,I_IBG-ENZL1,ENZOL Energy Trading ApS,I,800.0,INTERCONNECTOR
IBG-EOET1,I_IBG-EOET1,Uniper Global Commodities SE,I,500.0,INTERCONNECTOR
IBG-EPCO1,I_IBG-EPCO1,EP COMMODITIES A.S,I,300.0,INTERCONNECTOR
IBG-ERVA1,I_IBG-ERVA1,Erova Energy Limited,I,500.0,INTERCONNECTOR
IBG-ETSA1,,,,,INTERCONNECTOR
IBG-EWII1,I_IBG-EWII1,EWII Energi A/S,I,1000.0,INTERCONNECTOR
IBG-EZCO1,I_IBG-EZCO1,ENZEE Commodities A/S,I,1000.0,INTERCONNECTOR
IBG-EZPD1,I_IBG-EZPD1,Ezpada AG,I,500.0,INTERCONNECTOR
IBG-FLEX1,I_IBG-FLEX1,Citadel FlexPower GmbH,I,1400.0,INTERCONNECTOR
IBG-FPCD1,I_IBG-FPCD1,Freepoint Commodities Europe,I,250.0,INTERCONNECTOR
IBG-GAZP1,I_IBG-GAZP1,SEFE Marketing & Trading LTD,I,2000.0,INTERCONNECTOR
IBG-GENI1,I_IBG-GENI1,"GEN-I, d.o.o.",I,1016.0,INTERCONNECTOR
IBG-GLEN1,I_IBG-GLEN1,Glencore Energy UK Ltd,I,1000.0,INTERCONNECTOR
IBG-GRMC1,I_IBG-GRMC1,A/S Global Risk Management Ltd,I,1000.0,INTERCONNECTOR
IBG-GRMT1,I_IBG-GRMT1,A/S Global Risk Management Ltd,I,300.0,INTERCONNECTOR
IBG-GRNC1,I_IBG-GRNC1,Greenchoice B.V.,I,1000.0,INTERCONNECTOR
IBG-HART1,I_IBG-HART1,HAPPGCO,I,1000.0,INTERCONNECTOR
IBG-HELI1,I_IBG-HELI1,Helios Power Trading A/S,I,1000.0,INTERCONNECTOR
IBG-IBER1,,,,,INTERCONNECTOR
IBG-IBES1,I_IBG-IBES1,Iberdrola Energia Espana S.AU.,I,1000.0,INTERCONNECTOR
IBG-IDCE1,I_IBG-IDCE1,DC Energy Trading V.O.F.,I,1000.0,INTERCONNECTOR
IBG-IDCT1,I_IBG-IDCT1,Inductive Energy A/S,I,1016.0,INTERCONNECTOR
IBG-IMCE1,,,,,INTERCONNECTOR
IBG-IMPT1,I_IBG-IMPT1,Impact Energy Trading A/S,I,1000.0,INTERCONNECTOR
IBG-IMTC1,I_IBG-IMTC1,IMC Trading BV NL Denmark,I,1000.0,INTERCONNECTOR
IBG-INCM1,I_IBG-INCM1,IN COMMODITIES A/S,I,1048.04,INTERCONNECTOR
IBG-JPMS1,,,,,INTERCONNECTOR
IBG-KCST1,I_IBG-KCST1,KOCH SUPPLY & TRADING SARL,I,1000.0,INTERCONNECTOR
IBG-KRIA1,I_IBG-KRIA1,Kria Energy ehf,I,1000.0,INTERCONNECTOR
IBG-LTFD1,I_IBG-LTFD1,LIGHTFIELD LTD,I,1000.0,INTERCONNECTOR
IBG-MCRA1,I_IBG-MCRA1,Mercuria Energy Trading SA,I,1000.0,INTERCONNECTOR
IBG-MFTE1,I_IBG-MFTE1,MFT Energy A/S,I,1200.0,INTERCONNECTOR
IBG-MLCE1,,,,,INTERCONNECTOR
IBG-MONL1,I_IBG-MONL1,Vitus Capital AG,I,300.0,INTERCONNECTOR
IBG-MQBK1,,,,,INTERCONNECTOR
IBG-MSCG1,,,,,INTERCONNECTOR
IBG-NBCF1,,,,,INTERCONNECTOR
IBG-NEAS1,I_IBG-NEAS1,Centrica Energy Trading A/S,I,2000.0,INTERCONNECTOR
IBG-NEHO1,I_IBG-NEHO1,Nordic Energy House ApS,I,1000.0,INTERCONNECTOR
IBG-NITR1,I_IBG-NITR1,Nitor Energy A/S,I,1000.0,INTERCONNECTOR
IBG-NORL1,I_IBG-NORL1,Norlys Energy Trading A/S,I,2000.0,INTERCONNECTOR
IBG-NTPL1,I_IBG-NTPL1,Northpool BV,I,1200.0,INTERCONNECTOR
IBG-OMPX1,I_IBG-OMPX1,Ompex AG,I,1000.0,INTERCONNECTOR
IBG-OPMX1,I_IBG-OPMX1,Optimax Energy GmbH,I,1000.0,INTERCONNECTOR
IBG-OUTL1,I_IBG-OUTL1,Outlook Energy Ltd,I,2000.0,INTERCONNECTOR
IBG-PETC1,I_IBG-PETC1,PETROCHINA INTL LONDON CO. LTD,I,1000.0,INTERCONNECTOR
IBG-PWMR1,I_IBG-PWMR1,PowerMart ApS,I,1000.0,INTERCONNECTOR
IBG-PZEM1,I_IBG-PZEM1,EP Commodities B.V.,I,1000.0,INTERCONNECTOR
IBG-QTPT1,I_IBG-QTPT1,Quantum Power Trading,I,1000.0,INTERCONNECTOR
IBG-QUAR1,I_IBG-QUAR1,Quark Energy Trading Limited,I,1000.0,INTERCONNECTOR
IBG-QUEN1,I_IBG-QUEN1,QUENT ApS,I,50.0,INTERCONNECTOR
IBG-RESP1,I_IBG-RESP1,RESPECT ENERGY S.A.,I,700.0,INTERCONNECTOR
IBG-RSQ1,,,,,INTERCONNECTOR
IBG-RWES1,I_IBG-RWES1,RWE Supply and Trading GmbH,I,1000.0,INTERCONNECTOR
IBG-SEAG1,I_IBG-SEAG1,Seagull Energy Trading,I,2120.0,INTERCONNECTOR
IBG-SECF1,I_IBG-SECF1,Second Foundation Trading AG,I,200.0,INTERCONNECTOR
IBG-SETL1,I_IBG-SETL1,Shell Energy Europe Limited,I,1000.0,INTERCONNECTOR
IBG-SIRI1,I_IBG-SIRI1,Sirius Energy SA,I,1000.0,INTERCONNECTOR
IBG-SSEG1,I_IBG-SSEG1,SSE Energy Supply Limited,I,0.0,INTERCONNECTOR
IBG-STAT1,I_IBG-STAT1,Statkraft Markets Gmbh,I,1000.0,INTERCONNECTOR
IBG-STGS1,I_IBG-STGS1,STG Switzerland GmbH,I,1000.0,INTERCONNECTOR
IBG-TGPL1,I_IBG-TGPL1,TotalEnergies Gas & Power Ltd,I,1000.0,INTERCONNECTOR
IBG-TILD1,I_IBG-TILD1,Tilde Energy Trading A/S,I,1000.0,INTERCONNECTOR
IBG-TRFD1,I_IBG-TRFD1,Trafigura Denmark ApS,I,1000.0,INTERCONNECTOR
IBG-TRFG1,I_IBG-TRFG1,Trafigura Trading Sarl,I,1000.0,INTERCONNECTOR
IBG-TRLS1,I_IBG-TRLS1,Engelhart CTP Renewables GmbH,I,2000.0,INTERCONNECTOR
IBG-VETR1,I_IBG-VETR1,Vattenfall Energy Trading,I,1000.0,INTERCONNECTOR
IBG-VOLT1,I_IBG-VOLT1,Volta Energy DAC,I,250.0,INTERCONNECTOR
IBG-VSAL1,I_IBG-VSAL1,VITOL SA,I,1000.0,INTERCONNECTOR
IBG-VTUS1,I_IBG-VTUS1,Vitus Capital AG,I,300.0,INTERCONNECTOR
IBG-XNON1,I_IBG-XNON1,XENON CAPITAL MARKETS LTD,I,1000.0,INTERCONNECTOR
IED-ELEC1,I_IED-ELEC1,ElecLink Ltd (ELECL1),I,0.0,INTERCONNECTOR
IED-EWIC1,I_IED-EWIC1,Eirgrid PLC,I,0.0,INTERCONNECTOR
IED-FRAN1,I_IED-FRAN1,Nat Grid Interconnectors Ltd,I,0.0,INTERCONNECTOR
IED-GRNL1,,,,,INTERCONNECTOR
IED-IFA2,I_IED-IFA2,National Grid IFA 2 Limited,I,0.0,INTERCONNECTOR
IED-MOYL1,I_IED-MOYL1,SONI Ltd,I,0.0,INTERCONNECTOR
IED-NSL1,I_IED-NSL1,National Grid North Sea Link,I,0.0,INTERCONNECTOR
IEG-ELEC1,I_IEG-ELEC1,ElecLink Ltd (ELECL1),I,1050.0,OTHER
IEG-EWIC1,I_IEG-EWIC1,Eirgrid PLC,I,530.92,OTHER
IEG-FRAN1,I_IEG-FRAN1,Nat Grid Interconnectors Ltd,I,2013.945,OTHER
IEG-GRN1,I_IEG-GRN1,Greenlink Interconnector Ltd,I,1400.0,OTHER
IEG-GRNL1,,,,,INTGRNL
IEG-IFA2,I_IEG-IFA2,National Grid IFA 2 Limited,I,1100.0,OTHER
IEG-MOYL1,I_IEG-MOYL1,SONI Ltd,I,401.7,OTHER
IEG-NSL1,I_IEG-NSL1,National Grid North Sea Link,I,1400.0,OTHER
IEG-VKL1,I_IEG-VKL1,National Grid Viking Link Ltd,I,1400.0,OTHER
IFD-ACCE1,I_IFD-ACCE1,Centrica Energy Limited,I,0.0,INTERCONNECTOR
IFD-ALEU1,I_IFD-ALEU1,Alphataraxia Europium BV,I,0.0,INTERCONNECTOR
IFD-ALIP1,I_IFD-ALIP1,Energetick ApS,I,0.0,INTERCONNECTOR
IFD-ALPE1,I_IFD-ALPE1,Alpha Energy ApS,I,0.0,INTERCONNECTOR
IFD-ARON1,I_IFD-ARON1,J.Aron & Company,I,0.0,INTERCONNECTOR
IFD-AROS1,I_IFD-AROS1,Arosource ApS,I,0.0,INTERCONNECTOR
IFD-ARTH1,I_IFD-ARTH1,Aarhus Trading A/S,I,0.0,INTERCONNECTOR
IFD-ATLS1,I_IFD-ATLS1,Atlas Energy DAC,I,0.0,INTERCONNECTOR
IFD-AXIE1,,,,,INTERCONNECTOR
IFD-AXPO1,,,,,INTERCONNECTOR
IFD-BARB1,,,,,INTERCONNECTOR
IFD-BAYW1,I_IFD-BAYW1,Baywa r.e. Energy Trading GmbH,I,0.0,INTERCONNECTOR
IFD-BDEN1,I_IFD-BDEN1,BD Energy A/S,I,0.0,INTERCONNECTOR
IFD-BKWE1,I_IFD-BKWE1,BKW Energie AG,I,0.0,INTERCONNECTOR
IFD-BNPS1,I_IFD-BNPS1,BNP Paribas,I,0.0,INTERCONNECTOR
IFD-BPGE1,I_IFD-BPGE1,BP Gas Marketing Limited,I,0.0,INTERCONNECTOR
IFD-BTGP1,,,,,INTERCONNECTOR
IFD-CACM1,I_IFD-CACM1,C A Commodities A/S,I,0.0,INTERCONNECTOR
IFD-CARE1,,,,,INTERCONNECTOR
IFD-CBST1,I_IFD-CBST1,Cobblestone Energy,I,0.0,INTERCONNECTOR
IFD-CCME1,I_IFD-CCME1,Castleton Commodities Europe,I,0.0,INTERCONNECTOR
IFD-CETL1,I_IFD-CETL1,Conrad Energy (Trading) Ltd,I,0.0,INTERCONNECTOR
IFD-CEZC1,I_IFD-CEZC1,CEZ A.S,I,0.0,INTERCONNECTOR
IFD-CFPE1,I_IFD-CFPE1,CFP Commodities Limited,I,0.0,INTERCONNECTOR
IFD-CGML1,I_IFD-CGML1,Citigroup Global Markets Ltd,I,0.0,INTERCONNECTOR
IFD-CGTE1,,,,,INTERCONNECTOR
IFD-CNGS1,I_IFD-CNGS1,Cenergise Limited,I,0.0,INTERCONNECTOR
IFD-CNRE1,I_IFD-CNRE1,Compagnie Nationale du Rhone,I,0.0,INTERCONNECTOR
IFD-COMM1,I_IFD-COMM1,COMCOM Trading d.o.o,I,0.0,INTERCONNECTOR
IFD-CONS1,I_IFD-CONS1,Constellation Generation LTD,I,0.0,INTERCONNECTOR
IFD-CONV1,I_IFD-CONV1,Convex Energy GmbH,I,0.0,INTERCONNECTOR
IFD-COPN1,I_IFD-COPN1,Copenhagen Energy Trading A/S,I,0.0,INTERCONNECTOR
IFD-CPUK1,,,,,INTERCONNECTOR
IFD-CURR1,I_IFD-CURR1,Current Commodities A/S,I,0.0,INTERCONNECTOR
IFD-DARE1,I_IFD-DARE1,Dare Power Ltd,I,0.0,INTERCONNECTOR
IFD-DBNK1,,,,,INTERCONNECTOR
IFD-DMCC1,I_IFD-DMCC1,Cobblestone Energy DMCC,I,0.0,INTERCONNECTOR
IFD-DNGN1,I_IFD-DNGN1,Orsted Salg & Service A/S,I,0.0,INTERCONNECTOR
IFD-DRIV1,,,,,INTERCONNECTOR
IFD-DSKC1,I_IFD-DSKC1,Danske Commodities A/S,I,0.0,INTERCONNECTOR
IFD-DUEN1,I_IFD-DUEN1,Duferco Energia S.p.A.,I,0.0,INTERCONNECTOR
IFD-DUFE1,I_IFD-DUFE1,DXT Commodities SA,I,0.0,INTERCONNECTOR
IFD-DVAL1,I_IFD-DVAL1,DVALIN ApS,I,0.0,INTERCONNECTOR
IFD-DVTD1,I_IFD-DVTD1,DV Trading (Europe) P/S,I,0.0,INTERCONNECTOR
IFD-ECCA1,I_IFD-ECCA1,ECC AG,I,0.0,INTERCONNECTOR
IFD-EDFT1,I_IFD-EDFT1,EDF TRADING LIMITED,I,0.0,INTERCONNECTOR
IFD-EDMK1,I_IFD-EDMK1,Mind Energy A/S,I,0.0,INTERCONNECTOR
IFD-EENG1,I_IFD-EENG1,Eio Energi ApS,I,0.0,INTERCONNECTOR
IFD-EGLE1,I_IFD-EGLE1,Axpo Solutions AG,I,0.0,INTERCONNECTOR
IFD-ELEE1,I_IFD-ELEE1,Electrabel SA,I,0.0,INTERCONNECTOR
IFD-ELTR1,I_IFD-ELTR1,ElectroRoute Energy Trading,I,0.0,INTERCONNECTOR
IFD-ENBW1,I_IFD-ENBW1,EnBW Energie Ba-Wu AG,I,0.0,INTERCONNECTOR
IFD-ENEL1,I_IFD-ENEL1,Enel Global Trading S.P.A,I,0.0,INTERCONNECTOR
IFD-ENET1,I_IFD-ENET1,Eneco Energy Trade,I,0.0,INTERCONNECTOR
IFD-ENKI1,I_IFD-ENKI1,ENKI TRADING S.R.O.,I,0.0,INTERCONNECTOR
IFD-ENSC1,I_IFD-ENSC1,EnSCo Energy Services Company,I,0.0,INTERCONNECTOR
IFD-ENSP1,I_IFD-ENSP1,enspired GmbH,I,0.0,INTERCONNECTOR
IFD-ENTC1,I_IFD-ENTC1,Energetech Europe BV,I,0.0,INTERCONNECTOR
IFD-ENZL1,I_IFD-ENZL1,ENZOL Energy Trading ApS,I,0.0,INTERCONNECTOR
IFD-EOET1,I_IFD-EOET1,Uniper Global Commodities SE,I,0.0,INTERCONNECTOR
IFD-EOSE1,,,,,INTERCONNECTOR
IFD-EPCO1,I_IFD-EPCO1,EP COMMODITIES A.S,I,0.0,INTERCONNECTOR
IFD-ERVA1,I_IFD-ERVA1,Erova Energy Limited,I,0.0,INTERCONNECTOR
IFD-ETSA1,,,,,INTERCONNECTOR
IFD-EWII1,I_IFD-EWII1,EWII Energi A/S,I,0.0,INTERCONNECTOR
IFD-EWSE1,,,,,INTERCONNECTOR
IFD-EXXO1,I_IFD-EXXO1,EXXONMOBIL GAS MARKETING,I,0.0,INTERCONNECTOR
IFD-EZCO1,I_IFD-EZCO1,ENZEE Commodities A/S,I,0.0,INTERCONNECTOR
IFD-EZPD1,I_IFD-EZPD1,Ezpada AG,I,0.0,INTERCONNECTOR
IFD-FLEX1,I_IFD-FLEX1,Citadel FlexPower GmbH,I,0.0,INTERCONNECTOR
IFD-FPCD1,I_IFD-FPCD1,Freepoint Commodities Europe,I,0.0,INTERCONNECTOR
IFD-GASE1,I_IFD-GASE1,ENGIE GLOBAL MARKETS,I,0.0,INTERCONNECTOR
IFD-GAZP1,I_IFD-GAZP1,SEFE Marketing & Trading LTD,I,0.0,INTERCONNECTOR
IFD-GDFE1,I_IFD-GDFE1,ENGIE Power Limited,I,0.0,INTERCONNECTOR
IFD-GENI1,I_IFD-GENI1,"GEN-I, d.o.o.",I,0.0,INTERCONNECTOR
IFD-GLEN1,I_IFD-GLEN1,Glencore Energy UK Ltd,I,0.0,INTERCONNECTOR
IFD-GLTR1,,,,,INTERCONNECTOR
IFD-GRMC1,,,,,INTERCONNECTOR
IFD-GRMT1,I_IFD-GRMT1,A/S Global Risk Management Ltd,I,0.0,INTERCONNECTOR
IFD-HART1,I_IFD-HART1,HAPPGCO,I,0.0,INTERCONNECTOR
IFD-HELI1,I_IFD-HELI1,Helios Power Trading A/S,I,0.0,INTERCONNECTOR
IFD-IBER1,,,,,INTERCONNECTOR
IFD-IBES1,I_IFD-IBES1,Iberdrola Energia Espana S.AU.,I,0.0,INTERCONNECTOR
IFD-IDCT1,I_IFD-IDCT1,Inductive Energy A/S,I,0.0,INTERCONNECTOR
IFD-IMPT1,I_IFD-IMPT1,Impact Energy Trading A/S,I,0.0,INTERCONNECTOR
IFD-INCM1,I_IFD-INCM1,IN COMMODITIES A/S,I,0.0,INTERCONNECTOR
IFD-INNE1,,,,,INTERCONNECTOR
IFD-JPMS1,,,,,INTERCONNECTOR
IFD-JPMV1,,,,,INTERCONNECTOR
IFD-JWME1,I_IFD-JWME1,JWM Energia,I,0.0,INTERCONNECTOR
IFD-KCST1,I_IFD-KCST1,KOCH SUPPLY & TRADING SARL,I,0.0,INTERCONNECTOR
IFD-KVAS1,I_IFD-KVAS1,Kvasir Technologies,I,0.0,INTERCONNECTOR
IFD-LTFD1,I_IFD-LTFD1,LIGHTFIELD LTD,I,0.0,INTERCONNECTOR
IFD-MCRA1,I_IFD-MCRA1,Mercuria Energy Trading SA,I,0.0,INTERCONNECTOR
IFD-MELT1,I_IFD-MELT1,Metlen International AG,I,0.0,INTERCONNECTOR
IFD-MFTE1,I_IFD-MFTE1,MFT Energy A/S,I,0.0,INTERCONNECTOR
IFD-MKFT1,,,,,INTERCONNECTOR
IFD-MQBK1,,,,,INTERCONNECTOR
IFD-MQBN1,I_IFD-MQBN1,Macquarie Bank Limited,I,0.0,INTERCONNECTOR
IFD-MSCG1,,,,,INTERCONNECTOR
IFD-NBCF1,,,,,INTERCONNECTOR
IFD-NEAS1,I_IFD-NEAS1,Centrica Energy Trading A/S,I,0.0,INTERCONNECTOR
IFD-NEHO1,I_IFD-NEHO1,Nordic Energy House ApS,I,0.0,INTERCONNECTOR
IFD-NEXE1,,,,,INTERCONNECTOR
IFD-NITR1,I_IFD-NITR1,Nitor Energy A/S,I,0.0,INTERCONNECTOR
IFD-NORL1,I_IFD-NORL1,Norlys Energy Trading A/S,I,0.0,INTERCONNECTOR
IFD-NTPL1,I_IFD-NTPL1,Northpool BV,I,0.0,INTERCONNECTOR
IFD-NUON1,,,,,INTERCONNECTOR
IFD-OMPX1,I_IFD-OMPX1,Ompex AG,I,0.0,INTERCONNECTOR
IFD-OPMX1,I_IFD-OPMX1,Optimax Energy GmbH,I,0.0,INTERCONNECTOR
IFD-OUTL1,I_IFD-OUTL1,Outlook Energy Ltd,I,0.0,INTERCONNECTOR
IFD-PEAK1,I_IFD-PEAK1,Peak Gen Top Co Limited,I,0.0,INTERCONNECTOR
IFD-PETC1,I_IFD-PETC1,PETROCHINA INTL LONDON CO. LTD,I,0.0,INTERCONNECTOR
IFD-POWT1,,,,,INTERCONNECTOR
IFD-PWMR1,I_IFD-PWMR1,PowerMart ApS,I,0.0,INTERCONNECTOR
IFD-QTPT1,I_IFD-QTPT1,Quantum Power Trading,I,0.0,INTERCONNECTOR
IFD-QUAR1,I_IFD-QUAR1,Quark Energy Trading Limited,I,0.0,INTERCONNECTOR
IFD-QUEN1,I_IFD-QUEN1,QUENT ApS,I,0.0,INTERCONNECTOR
IFD-RBOS1,,,,,INTERCONNECTOR
IFD-RESP1,I_IFD-RESP1,RESPECT ENERGY S.A.,I,0.0,INTERCONNECTOR
IFD-RISQ1,I_IFD-RISQ1,Risq Energy Limited,I,0.0,INTERCONNECTOR
IFD-RWES1,I_IFD-RWES1,RWE Supply and Trading GmbH,I,0.0,INTERCONNECTOR
IFD-SEAG1,I_IFD-SEAG1,Seagull Energy Trading,I,0.0,INTERCONNECTOR
IFD-SECF1,I_IFD-SECF1,Second Foundation Trading AG,I,0.0,INTERCONNECTOR
IFD-SEME1,,,,,INTERCONNECTOR
IFD-SETL1,I_IFD-SETL1,Shell Energy Europe Limited,I,0.0,INTERCONNECTOR
IFD-SIRI1,I_IFD-SIRI1,Sirius Energy SA,I,0.0,INTERCONNECTOR
IFD-SSEG1,I_IFD-SSEG1,SSE Energy Supply Limited,I,0.0,INTERCONNECTOR
IFD-STAT1,I_IFD-STAT1,Statkraft Markets Gmbh,I,0.0,INTERCONNECTOR
IFD-STGS1,I_IFD-STGS1,STG Switzerland GmbH,I,0.0,INTERCONNECTOR
IFD-TFEE1,I_IFD-TFEE1,TotalEnergies Gas & Power Ltd,I,0.0,INTERCONNECTOR
IFD-TILD1,I_IFD-TILD1,Tilde Energy Trading A/S,I,0.0,INTERCONNECTOR
IFD-TRFD1,I_IFD-TRFD1,Trafigura Denmark ApS,I,0.0,INTERCONNECTOR
IFD-TRFG1,I_IFD-TRFG1,Trafigura Trading Sarl,I,0.0,INTERCONNECTOR
IFD-TRGY1,I_IFD-TRGY1,Tradergy S. L.,I,0.0,INTERCONNECTOR
IFD-TRLS1,I_IFD-TRLS1,Engelhart CTP Renewables GmbH,I,0.0,INTERCONNECTOR
IFD-TRSI1,I_IFD-TRSI1,Trasteel International SA,I,0.0,INTERCONNECTOR
IFD-VOLT1,I_IFD-VOLT1,Volta Energy DAC,I,0.0,INTERCONNECTOR
IFD-VSAL1,I_IFD-VSAL1,VITOL SA,I,0.0,INTERCONNECTOR
IFD-VTFS1,I_IFD-VTFS1,Vattenfall Energy Trading,I,0.0,INTERCONNECTOR
IFD-VTUS1,,,,,INTERCONNECTOR
IFD-WOLF1,I_IFD-WOLF1,Wolfram Trading ApS,I,0.0,INTERCONNECTOR
IFD-XNEN1,,,,,INTERCONNECTOR
IFD-XNON1,I_IFD-XNON1,XENON CAPITAL MARKETS LTD,I,0.0,INTERCONNECTOR
IFG-ACCE1,I_IFG-ACCE1,Centrica Energy Limited,I,2000.0,INTERCONNECTOR
IFG-ALEU1,I_IFG-ALEU1,Alphataraxia Europium BV,I,1000.0,INTERCONNECTOR
IFG-ALIP1,I_IFG-ALIP1,Energetick ApS,I,100.0,INTERCONNECTOR
IFG-ALPE1,I_IFG-ALPE1,Alpha Energy ApS,I,500.0,INTERCONNECTOR
IFG-ARON1,I_IFG-ARON1,J.Aron & Company,I,2000.0,INTERCONNECTOR
IFG-AROS1,I_IFG-AROS1,Arosource ApS,I,1000.0,INTERCONNECTOR
IFG-ARTH1,I_IFG-ARTH1,Aarhus Trading A/S,I,1000.0,INTERCONNECTOR
IFG-ATLS1,I_IFG-ATLS1,Atlas Energy DAC,I,2000.0,INTERCONNECTOR
IFG-AXIE1,,,,,INTERCONNECTOR
IFG-AXPO1,,,,,INTERCONNECTOR
IFG-BARB1,,,,,INTERCONNECTOR
IFG-BAYW1,I_IFG-BAYW1,Baywa r.e. Energy Trading GmbH,I,2000.0,INTERCONNECTOR
IFG-BDEN1,I_IFG-BDEN1,BD Energy A/S,I,720.0,INTERCONNECTOR
IFG-BKWE1,I_IFG-BKWE1,BKW Energie AG,I,1500.0,INTERCONNECTOR
IFG-BNPS1,I_IFG-BNPS1,BNP Paribas,I,2000.0,INTERCONNECTOR
IFG-BPGE1,I_IFG-BPGE1,BP Gas Marketing Limited,I,2000.0,INTERCONNECTOR
IFG-BTGP1,,,,,INTERCONNECTOR
IFG-CACM1,I_IFG-CACM1,C A Commodities A/S,I,1000.0,INTERCONNECTOR
IFG-CARE1,,,,,INTERCONNECTOR
IFG-CBST1,I_IFG-CBST1,Cobblestone Energy,I,2000.0,INTERCONNECTOR
IFG-CCME1,I_IFG-CCME1,Castleton Commodities Europe,I,2000.0,INTERCONNECTOR
IFG-CETL1,I_IFG-CETL1,Conrad Energy (Trading) Ltd,I,2000.0,INTERCONNECTOR
IFG-CEZC1,I_IFG-CEZC1,CEZ A.S,I,1000.0,INTERCONNECTOR
IFG-CFPE1,I_IFG-CFPE1,CFP Commodities Limited,I,1000.0,INTERCONNECTOR
IFG-CGML1,I_IFG-CGML1,Citigroup Global Markets Ltd,I,2000.0,INTERCONNECTOR
IFG-CGTE1,,,,,INTERCONNECTOR
IFG-CNGS1,I_IFG-CNGS1,Cenergise Limited,I,2000.0,INTERCONNECTOR
IFG-CNRE1,I_IFG-CNRE1,Compagnie Nationale du Rhone,I,500.0,INTERCONNECTOR
IFG-COMM1,I_IFG-COMM1,COMCOM Trading d.o.o,I,2000.0,INTERCONNECTOR
IFG-CONS1,I_IFG-CONS1,Constellation Generation LTD,I,2000.0,INTERCONNECTOR
IFG-CONV1,I_IFG-CONV1,Convex Energy GmbH,I,500.0,INTERCONNECTOR
IFG-COPN1,I_IFG-COPN1,Copenhagen Energy Trading A/S,I,1000.0,INTERCONNECTOR
IFG-CPUK1,,,,,INTERCONNECTOR
IFG-CURR1,I_IFG-CURR1,Current Commodities A/S,I,2000.0,INTERCONNECTOR
IFG-DARE1,I_IFG-DARE1,Dare Power Ltd,I,4000.0,INTERCONNECTOR
IFG-DBNK1,,,,,INTERCONNECTOR
IFG-DMCC1,I_IFG-DMCC1,Cobblestone Energy DMCC,I,2000.0,INTERCONNECTOR
IFG-DNGN1,I_IFG-DNGN1,Orsted Salg & Service A/S,I,2000.0,INTERCONNECTOR
IFG-DRIV1,,,,,INTERCONNECTOR
IFG-DSKC1,I_IFG-DSKC1,Danske Commodities A/S,I,2000.0,INTERCONNECTOR
IFG-DUEN1,I_IFG-DUEN1,Duferco Energia S.p.A.,I,200.0,INTERCONNECTOR
IFG-DUFE1,I_IFG-DUFE1,DXT Commodities SA,I,1000.0,INTERCONNECTOR
IFG-DVAL1,I_IFG-DVAL1,DVALIN ApS,I,2000.0,INTERCONNECTOR
IFG-DVTD1,I_IFG-DVTD1,DV Trading (Europe) P/S,I,2000.0,INTERCONNECTOR
IFG-ECCA1,I_IFG-ECCA1,ECC AG,I,3000.0,INTERCONNECTOR
IFG-EDFT1,I_IFG-EDFT1,EDF TRADING LIMITED,I,4000.0,INTERCONNECTOR
IFG-EDMK1,I_IFG-EDMK1,Mind Energy A/S,I,3000.0,INTERCONNECTOR
IFG-EENG1,I_IFG-EENG1,Eio Energi ApS,I,50.0,INTERCONNECTOR
IFG-EGLE1,I_IFG-EGLE1,Axpo Solutions AG,I,500.0,INTERCONNECTOR
IFG-ELEE1,I_IFG-ELEE1,Electrabel SA,I,500.0,INTERCONNECTOR
IFG-ELTR1,I_IFG-ELTR1,ElectroRoute Energy Trading,I,2000.0,INTERCONNECTOR
IFG-ENBW1,I_IFG-ENBW1,EnBW Energie Ba-Wu AG,I,2000.0,INTERCONNECTOR
IFG-ENEL1,I_IFG-ENEL1,Enel Global Trading S.P.A,I,1000.0,INTERCONNECTOR
IFG-ENET1,I_IFG-ENET1,Eneco Energy Trade,I,50.0,INTERCONNECTOR
IFG-ENKI1,I_IFG-ENKI1,ENKI TRADING S.R.O.,I,500.0,INTERCONNECTOR
IFG-ENSC1,I_IFG-ENSC1,EnSCo Energy Services Company,I,1000.0,INTERCONNECTOR
IFG-ENSP1,I_IFG-ENSP1,enspired GmbH,I,2000.0,INTERCONNECTOR
IFG-ENTC1,I_IFG-ENTC1,Energetech Europe BV,I,500.0,INTERCONNECTOR
IFG-ENZL1,I_IFG-ENZL1,ENZOL Energy Trading ApS,I,800.0,INTERCONNECTOR
IFG-EOET1,I_IFG-EOET1,Uniper Global Commodities SE,I,510.0,INTERCONNECTOR
IFG-EOSE1,,,,,INTERCONNECTOR
IFG-EPCO1,I_IFG-EPCO1,EP COMMODITIES A.S,I,300.0,INTERCONNECTOR
IFG-ERVA1,I_IFG-ERVA1,Erova Energy Limited,I,500.0,INTERCONNECTOR
IFG-ETSA1,,,,,INTERCONNECTOR
IFG-EWII1,I_IFG-EWII1,EWII Energi A/S,I,2000.0,INTERCONNECTOR
IFG-EWSE1,,,,,INTERCONNECTOR
IFG-EXXO1,I_IFG-EXXO1,EXXONMOBIL GAS MARKETING,I,1000.0,INTERCONNECTOR
IFG-EZCO1,I_IFG-EZCO1,ENZEE Commodities A/S,I,2000.0,INTERCONNECTOR
IFG-EZPD1,I_IFG-EZPD1,Ezpada AG,I,500.0,INTERCONNECTOR
IFG-FLEX1,I_IFG-FLEX1,Citadel FlexPower GmbH,I,1000.0,INTERCONNECTOR
IFG-FPCD1,I_IFG-FPCD1,Freepoint Commodities Europe,I,150.0,INTERCONNECTOR
IFG-GASE1,I_IFG-GASE1,ENGIE GLOBAL MARKETS,I,500.0,INTERCONNECTOR
IFG-GAZP1,I_IFG-GAZP1,SEFE Marketing & Trading LTD,I,3000.0,INTERCONNECTOR
IFG-GDFE1,I_IFG-GDFE1,ENGIE Power Limited,I,200.0,INTERCONNECTOR
IFG-GENI1,I_IFG-GENI1,"GEN-I, d.o.o.",I,2000.0,INTERCONNECTOR
IFG-GLEN1,I_IFG-GLEN1,Glencore Energy UK Ltd,I,1000.0,INTERCONNECTOR
IFG-GLTR1,,,,,INTERCONNECTOR
IFG-GRMC1,I_IFG-GRMC1,A/S Global Risk Management Ltd,I,1000.0,INTERCONNECTOR
IFG-GRMT1,I_IFG-GRMT1,A/S Global Risk Management Ltd,I,500.0,INTERCONNECTOR
IFG-HART1,I_IFG-HART1,HAPPGCO,I,1000.0,INTERCONNECTOR
IFG-HELI1,I_IFG-HELI1,Helios Power Trading A/S,I,1000.0,INTERCONNECTOR
IFG-IBER1,,,,,INTERCONNECTOR
IFG-IBES1,I_IFG-IBES1,Iberdrola Energia Espana S.AU.,I,1000.0,INTERCONNECTOR
IFG-IDCT1,I_IFG-IDCT1,Inductive Energy A/S,I,2000.0,INTERCONNECTOR
IFG-IMPT1,I_IFG-IMPT1,Impact Energy Trading A/S,I,2000.0,INTERCONNECTOR
IFG-INCM1,I_IFG-INCM1,IN COMMODITIES A/S,I,1000.0,INTERCONNECTOR
IFG-INNE1,,,,,INTERCONNECTOR
IFG-JPMS1,,,,,INTERCONNECTOR
IFG-JPMV1,,,,,INTERCONNECTOR
IFG-JWME1,I_IFG-JWME1,JWM Energia,I,1000.0,INTERCONNECTOR
IFG-KCST1,I_IFG-KCST1,KOCH SUPPLY & TRADING SARL,I,2000.0,INTERCONNECTOR
IFG-KVAS1,I_IFG-KVAS1,Kvasir Technologies,I,50.0,INTERCONNECTOR
IFG-LTFD1,I_IFG-LTFD1,LIGHTFIELD LTD,I,1000.0,INTERCONNECTOR
IFG-MCRA1,I_IFG-MCRA1,Mercuria Energy Trading SA,I,2000.0,INTERCONNECTOR
IFG-MELT1,I_IFG-MELT1,Metlen International AG,I,2000.0,INTERCONNECTOR
IFG-MFTE1,I_IFG-MFTE1,MFT Energy A/S,I,1000.0,INTERCONNECTOR
IFG-MKFT1,,,,,INTERCONNECTOR
IFG-MQBK1,,,,,INTERCONNECTOR
IFG-MQBN1,I_IFG-MQBN1,Macquarie Bank Limited,I,2000.0,INTERCONNECTOR
IFG-MSCG1,,,,,INTERCONNECTOR
IFG-NBCF1,,,,,INTERCONNECTOR
IFG-NEAS1,I_IFG-NEAS1,Centrica Energy Trading A/S,I,4000.0,INTERCONNECTOR
IFG-NEHO1,I_IFG-NEHO1,Nordic Energy House ApS,I,1000.0,INTERCONNECTOR
IFG-NEXE1,,,,,INTERCONNECTOR
IFG-NITR1,I_IFG-NITR1,Nitor Energy A/S,I,1000.0,INTERCONNECTOR
IFG-NORL1,I_IFG-NORL1,Norlys Energy Trading A/S,I,2000.0,INTERCONNECTOR
IFG-NTPL1,I_IFG-NTPL1,Northpool BV,I,2000.0,INTERCONNECTOR
IFG-NUON1,,,,,INTERCONNECTOR
IFG-OMPX1,I_IFG-OMPX1,Ompex AG,I,1000.0,INTERCONNECTOR
IFG-OPMX1,I_IFG-OPMX1,Optimax Energy GmbH,I,1000.0,INTERCONNECTOR
IFG-OUTL1,I_IFG-OUTL1,Outlook Energy Ltd,I,4000.0,INTERCONNECTOR
IFG-PEAK1,I_IFG-PEAK1,Peak Gen Top Co Limited,I,2000.0,INTERCONNECTOR
IFG-PETC1,I_IFG-PETC1,PETROCHINA INTL LONDON CO. LTD,I,2000.0,INTERCONNECTOR
IFG-POWT1,,,,,INTERCONNECTOR
IFG-PWMR1,I_IFG-PWMR1,PowerMart ApS,I,1000.0,INTERCONNECTOR
IFG-QTPT1,I_IFG-QTPT1,Quantum Power Trading,I,1000.0,INTERCONNECTOR
IFG-QUAR1,I_IFG-QUAR1,Quark Energy Trading Limited,I,2000.0,INTERCONNECTOR
IFG-QUEN1,I_IFG-QUEN1,QUENT ApS,I,1000.0,INTERCONNECTOR
IFG-RBOS1,,,,,INTERCONNECTOR
IFG-RESP1,I_IFG-RESP1,RESPECT ENERGY S.A.,I,700.0,INTERCONNECTOR
IFG-RISQ1,I_IFG-RISQ1,Risq Energy Limited,I,1000.0,INTERCONNECTOR
IFG-RWES1,I_IFG-RWES1,RWE Supply and Trading GmbH,I,2000.0,INTERCONNECTOR
IFG-SEAG1,I_IFG-SEAG1,Seagull Energy Trading,I,4000.0,INTERCONNECTOR
IFG-SECF1,I_IFG-SECF1,Second Foundation Trading AG,I,400.0,INTERCONNECTOR
IFG-SEME1,,,,,INTERCONNECTOR
IFG-SETL1,I_IFG-SETL1,Shell Energy Europe Limited,I,2000.0,INTERCONNECTOR
IFG-SIRI1,I_IFG-SIRI1,Sirius Energy SA,I,2000.0,INTERCONNECTOR
IFG-SSEG1,I_IFG-SSEG1,SSE Energy Supply Limited,I,0.0,INTERCONNECTOR
IFG-STAT1,I_IFG-STAT1,Statkraft Markets Gmbh,I,400.0,INTERCONNECTOR
IFG-STGS1,I_IFG-STGS1,STG Switzerland GmbH,I,2000.0,INTERCONNECTOR
IFG-TFEE1,I_IFG-TFEE1,TotalEnergies Gas & Power Ltd,I,2000.0,INTERCONNECTOR
IFG-TILD1,I_IFG-TILD1,Tilde Energy Trading A/S,I,1000.0,INTERCONNECTOR
IFG-TRFD1,I_IFG-TRFD1,Trafigura Denmark ApS,I,1000.0,INTERCONNECTOR
IFG-TRFG1,I_IFG-TRFG1,Trafigura Trading Sarl,I,1000.0,INTERCONNECTOR
IFG-TRGY1,I_IFG-TRGY1,Tradergy S. L.,I,1400.0,INTERCONNECTOR
IFG-TRLS1,I_IFG-TRLS1,Engelhart CTP Renewables GmbH,I,4000.0,INTERCONNECTOR
IFG-TRSI1,I_IFG-TRSI1,Trasteel International SA,I,1000.0,INTERCONNECTOR
IFG-VOLT1,I_IFG-VOLT1,Volta Energy DAC,I,500.0,INTERCONNECTOR
IFG-VSAL1,I_IFG-VSAL1,VITOL SA,I,2000.0,INTERCONNECTOR
IFG-VTFS1,I_IFG-VTFS1,Vattenfall Energy Trading,I,1000.0,INTERCONNECTOR
IFG-VTUS1,,,,,INTERCONNECTOR
IFG-WOLF1,I_IFG-WOLF1,Wolfram Trading ApS,I,800.0,INTERCONNECTOR
IFG-XNEN1,,,,,INTERCONNECTOR
IFG-XNON1,I_IFG-XNON1,XENON CAPITAL MARKETS LTD,I,2000.0,INTERCONNECTOR
IGD-STAT1,I_IGD-STAT1,Statkraft Markets Gmbh,I,0.0,INTERCONNECTOR
IGG-STAT1,I_IGG-STAT1,Statkraft Markets Gmbh,I,1400.0,INTERCONNECTOR
IID-AXPO1,I_IID-AXPO1,Axpo Solutions AG,I,0.0,INTERCONNECTOR
IID-BDGS1,,,,,INTERCONNECTOR
IID-BGSE1,I_IID-BGSE1,Bord Gais Energy Limited,I,0.0,INTERCONNECTOR
IID-BRKF1,I_IID-BRKF1,Orsted Renewable Supply 2 Ltd,I,0.0,INTERCONNECTOR
IID-CAPT1,,,,,INTERCONNECTOR
IID-CNGS1,,,,,INTERCONNECTOR
IID-DSKC1,I_IID-DSKC1,Danske Commodities A/S,I,0.0,INTERCONNECTOR
IID-ECCA1,,,,,INTERCONNECTOR
IID-EGEN1,,,,,INTERCONNECTOR
IID-ELTR1,I_IID-ELTR1,ElectroRoute Energy Trading,I,0.0,INTERCONNECTOR
IID-ENGI1,I_IID-ENGI1,Mind Energy A/S,I,0.0,INTERCONNECTOR
IID-ERVA1,I_IID-ERVA1,Erova Energy Limited,I,0.0,INTERCONNECTOR
IID-ESBI1,I_IID-ESBI1,ESBIG Trading Ltd,I,0.0,INTERCONNECTOR
IID-ESBI2,I_IID-ESBI2,ESBIG Trading Ltd,I,0.0,INTERCONNECTOR
IID-ETSA1,,,,,INTERCONNECTOR
IID-GLTR1,,,,,INTERCONNECTOR
IID-INCM1,I_IID-INCM1,IN COMMODITIES A/S,I,0.0,INTERCONNECTOR
IID-LTFD1,I_IID-LTFD1,LIGHTFIELD LTD,I,0.0,INTERCONNECTOR
IID-NSEN1,I_IID-NSEN1,Centrica Energy Trading A/S,I,0.0,INTERCONNECTOR
IID-PRNI1,,,,,INTERCONNECTOR
IID-RWES1,I_IID-RWES1,RWE Supply and Trading GmbH,I,0.0,INTERCONNECTOR
IID-SEEL1,I_IID-SEEL1,Shell Energy Europe Limited,I,0.0,INTERCONNECTOR
IID-SSES1,,,,,INTERCONNECTOR
IID-STAT1,I_IID-STAT1,Statkraft Markets Gmbh,I,0.0,INTERCONNECTOR
IID-TRLS1,,,,,INTERCONNECTOR
IID-VAYU1,I_IID-VAYU1,Naturgy Limited,I,0.0,INTERCONNECTOR
IID-VESL1,I_IID-VESL1,Energia Customer Solutions Ltd,I,0.0,INTERCONNECTOR
IIG-AXPO1,I_IIG-AXPO1,Axpo Solutions AG,I,500.0,INTERCONNECTOR
IIG-BDGS1,,,,,INTERCONNECTOR
IIG-BGSE1,I_IIG-BGSE1,Bord Gais Energy Limited,I,2000.0,INTERCONNECTOR
IIG-BRKF1,I_IIG-BRKF1,Orsted Renewable Supply 2 Ltd,I,500.0,INTERCONNECTOR
IIG-CAPT1,,,,,INTERCONNECTOR
IIG-CNGS1,,,,,INTERCONNECTOR
IIG-DSKC1,I_IIG-DSKC1,Danske Commodities A/S,I,500.0,INTERCONNECTOR
IIG-ECCA1,,,,,INTERCONNECTOR
IIG-EGEN1,,,,,INTERCONNECTOR
IIG-ELTR1,I_IIG-ELTR1,ElectroRoute Energy Trading,I,3000.0,INTERCONNECTOR
IIG-ENGI1,I_IIG-ENGI1,Mind Energy A/S,I,500.0,INTERCONNECTOR
IIG-ERVA1,I_IIG-ERVA1,Erova Energy Limited,I,2000.0,INTERCONNECTOR
IIG-ESBI1,I_IIG-ESBI1,ESBIG Trading Ltd,I,500.0,INTERCONNECTOR
IIG-ESBI2,I_IIG-ESBI2,ESBIG Trading Ltd,I,530.0,INTERCONNECTOR
IIG-ETSA1,,,,,INTERCONNECTOR
IIG-GLTR1,,,,,INTERCONNECTOR
IIG-INCM1,I_IIG-INCM1,IN COMMODITIES A/S,I,75.0,INTERCONNECTOR
IIG-LTFD1,I_IIG-LTFD1,LIGHTFIELD LTD,I,500.0,INTERCONNECTOR
IIG-NSEN1,I_IIG-NSEN1,Centrica Energy Trading A/S,I,500.0,INTERCONNECTOR
IIG-PRNI1,,,,,INTERCONNECTOR
IIG-RWES1,I_IIG-RWES1,RWE Supply and Trading GmbH,I,500.0,INTERCONNECTOR
IIG-SEEL1,I_IIG-SEEL1,Shell Energy Europe Limited,I,500.0,INTERCONNECTOR
IIG-SSES1,,,,,INTERCONNECTOR
IIG-STAT1,I_IIG-STAT1,Statkraft Markets Gmbh,I,1030.0,INTERCONNECTOR
IIG-TRLS1,,,,,INTERCONNECTOR
IIG-VAYU1,I_IIG-VAYU1,Naturgy Limited,I,500.0,INTERCONNECTOR
IIG-VESL1,I_IIG-VESL1,Energia Customer Solutions Ltd,I,500.0,INTERCONNECTOR
ILD-ALIP1,I_ILD-ALIP1,Energetick ApS,I,0.0,INTERCONNECTOR
ILD-ALPE1,I_ILD-ALPE1,Alpha Energy ApS,I,0.0,INTERCONNECTOR
ILD-ARON1,I_ILD-ARON1,J.Aron & Company,I,0.0,INTERCONNECTOR
ILD-AROS1,I_ILD-AROS1,Arosource ApS,I,0.0,INTERCONNECTOR
ILD-ARTH1,I_ILD-ARTH1,Aarhus Trading A/S,I,0.0,INTERCONNECTOR
ILD-ATLS1,I_ILD-ATLS1,Atlas Energy DAC,I,0.0,INTERCONNECTOR
ILD-BAYW1,I_ILD-BAYW1,Baywa r.e. Energy Trading GmbH,I,0.0,INTERCONNECTOR
ILD-BKWE1,I_ILD-BKWE1,BKW Energie AG,I,0.0,INTERCONNECTOR
ILD-BPGM1,I_ILD-BPGM1,BP Gas Marketing Limited,I,0.0,INTERCONNECTOR
ILD-CACM1,I_ILD-CACM1,C A Commodities A/S,I,0.0,INTERCONNECTOR
ILD-CBST1,I_ILD-CBST1,Cobblestone Energy,I,0.0,INTERCONNECTOR
ILD-CCME1,I_ILD-CCME1,Castleton Commodities Europe,I,0.0,INTERCONNECTOR
ILD-CENT1,I_ILD-CENT1,Centrica Energy Limited,I,0.0,INTERCONNECTOR
ILD-CETL1,I_ILD-CETL1,Conrad Energy (Trading) Ltd,I,0.0,INTERCONNECTOR
ILD-CEZC1,I_ILD-CEZC1,CEZ A.S,I,0.0,INTERCONNECTOR
ILD-CFPE1,I_ILD-CFPE1,CFP Commodities Limited,I,0.0,INTERCONNECTOR
ILD-COMM1,I_ILD-COMM1,COMCOM Trading d.o.o,I,0.0,INTERCONNECTOR
ILD-CONS1,I_ILD-CONS1,Constellation Generation LTD,I,0.0,INTERCONNECTOR
ILD-COPN1,I_ILD-COPN1,Copenhagen Energy Trading A/S,I,0.0,INTERCONNECTOR
ILD-CURR1,I_ILD-CURR1,Current Commodities A/S,I,0.0,INTERCONNECTOR
ILD-DARE1,I_ILD-DARE1,Dare Power Ltd,I,0.0,INTERCONNECTOR
ILD-DMCC1,I_ILD-DMCC1,Cobblestone Energy DMCC,I,0.0,INTERCONNECTOR
ILD-DUEN1,I_ILD-DUEN1,Duferco Energia S.p.A.,I,0.0,INTERCONNECTOR
ILD-DUFE1,I_ILD-DUFE1,DXT Commodities SA,I,0.0,INTERCONNECTOR
ILD-DVAL1,I_ILD-DVAL1,DVALIN ApS,I,0.0,INTERCONNECTOR
ILD-DVTD1,I_ILD-DVTD1,DV Trading (Europe) P/S,I,0.0,INTERCONNECTOR
ILD-EDFT1,I_ILD-EDFT1,EDF TRADING LIMITED,I,0.0,INTERCONNECTOR
ILD-EDMK1,I_ILD-EDMK1,Mind Energy A/S,I,0.0,INTERCONNECTOR
ILD-EENG1,I_ILD-EENG1,Eio Energi ApS,I,0.0,INTERCONNECTOR
ILD-ELTR1,I_ILD-ELTR1,ElectroRoute Energy Trading,I,0.0,INTERCONNECTOR
ILD-ENBW1,I_ILD-ENBW1,EnBW Energie Ba-Wu AG,I,0.0,INTERCONNECTOR
ILD-ENGM1,I_ILD-ENGM1,ENGIE GLOBAL MARKETS,I,0.0,INTERCONNECTOR
ILD-ENSC1,I_ILD-ENSC1,EnSCo Energy Services Company,I,0.0,INTERCONNECTOR
ILD-ENTC1,I_ILD-ENTC1,Energetech Europe BV,I,0.0,INTERCONNECTOR
ILD-EPCO1,I_ILD-EPCO1,EP COMMODITIES A.S,I,0.0,INTERCONNECTOR
ILD-EWII1,I_ILD-EWII1,EWII Energi A/S,I,0.0,INTERCONNECTOR
ILD-EXXO1,I_ILD-EXXO1,EXXONMOBIL GAS MARKETING,I,0.0,INTERCONNECTOR
ILD-EZCO1,I_ILD-EZCO1,ENZEE Commodities A/S,I,0.0,INTERCONNECTOR
ILD-EZPD1,I_ILD-EZPD1,Ezpada AG,I,0.0,INTERCONNECTOR
ILD-FLEX1,I_ILD-FLEX1,Citadel FlexPower GmbH,I,0.0,INTERCONNECTOR
ILD-GENI1,I_ILD-GENI1,"GEN-I, d.o.o.",I,0.0,INTERCONNECTOR
ILD-GLEN1,I_ILD-GLEN1,Glencore Energy UK Ltd,I,0.0,INTERCONNECTOR
ILD-GNER1,I_ILD-GNER1,Gnera Energia y Tecnologia S.L,I,0.0,INTERCONNECTOR
ILD-GRMC1,I_ILD-GRMC1,A/S Global Risk Management Ltd,I,0.0,INTERCONNECTOR
ILD-HART1,I_ILD-HART1,HAPPGCO,I,0.0,INTERCONNECTOR
ILD-HELI1,I_ILD-HELI1,Helios Power Trading A/S,I,0.0,INTERCONNECTOR
ILD-IMPT1,I_ILD-IMPT1,Impact Energy Trading A/S,I,0.0,INTERCONNECTOR
ILD-INCM1,I_ILD-INCM1,IN COMMODITIES A/S,I,0.0,INTERCONNECTOR
ILD-JWME1,I_ILD-JWME1,JWM Energia,I,0.0,INTERCONNECTOR
ILD-MCRA1,I_ILD-MCRA1,Mercuria Energy Trading SA,I,0.0,INTERCONNECTOR
ILD-MFTE1,I_ILD-MFTE1,MFT Energy A/S,I,0.0,INTERCONNECTOR
ILD-NDPL1,I_ILD-NDPL1,European Market Coupling,I,0.0,INTERCONNECTOR
ILD-NEAS1,I_ILD-NEAS1,Centrica Energy Trading A/S,I,0.0,INTERCONNECTOR
ILD-NEHO1,I_ILD-NEHO1,Nordic Energy House ApS,I,0.0,INTERCONNECTOR
ILD-NITR1,I_ILD-NITR1,Nitor Energy A/S,I,0.0,INTERCONNECTOR
ILD-NORL1,I_ILD-NORL1,Norlys Energy Trading A/S,I,0.0,INTERCONNECTOR
ILD-NTPL1,I_ILD-NTPL1,Northpool BV,I,0.0,INTERCONNECTOR
ILD-OPMX1,I_ILD-OPMX1,Optimax Energy GmbH,I,0.0,INTERCONNECTOR
ILD-OUTL1,I_ILD-OUTL1,Outlook Energy Ltd,I,0.0,INTERCONNECTOR
ILD-PEAK1,I_ILD-PEAK1,Peak Gen Top Co Limited,I,0.0,INTERCONNECTOR
ILD-PETC1,I_ILD-PETC1,PETROCHINA INTL LONDON CO. LTD,I,0.0,INTERCONNECTOR
ILD-PREP1,I_ILD-PREP1,Yuno Limited,I,0.0,INTERCONNECTOR
ILD-PWMR1,I_ILD-PWMR1,PowerMart ApS,I,0.0,INTERCONNECTOR
ILD-QUAR1,I_ILD-QUAR1,Quark Energy Trading Limited,I,0.0,INTERCONNECTOR
ILD-RESP1,I_ILD-RESP1,RESPECT ENERGY S.A.,I,0.0,INTERCONNECTOR
ILD-RISQ1,I_ILD-RISQ1,Risq Energy Limited,I,0.0,INTERCONNECTOR
ILD-RWES1,I_ILD-RWES1,RWE Supply and Trading GmbH,I,0.0,INTERCONNECTOR
ILD-SEFE1,I_ILD-SEFE1,SEFE Marketing & Trading LTD,I,0.0,INTERCONNECTOR
ILD-SETL1,I_ILD-SETL1,Shell Energy Europe Limited,I,0.0,INTERCONNECTOR
ILD-SIRI1,I_ILD-SIRI1,Sirius Energy SA,I,0.0,INTERCONNECTOR
ILD-STGS1,I_ILD-STGS1,STG Switzerland GmbH,I,0.0,INTERCONNECTOR
ILD-TGPL1,I_ILD-TGPL1,TotalEnergies Gas & Power Ltd,I,0.0,INTERCONNECTOR
ILD-TRFD1,I_ILD-TRFD1,Trafigura Denmark ApS,I,0.0,INTERCONNECTOR
ILD-TRFG1,I_ILD-TRFG1,Trafigura Trading Sarl,I,0.0,INTERCONNECTOR
ILD-VOLT1,I_ILD-VOLT1,Volta Energy DAC,I,0.0,INTERCONNECTOR
ILD-VSAL1,I_ILD-VSAL1,VITOL SA,I,0.0,INTERCONNECTOR
ILD-XNON1,I_ILD-XNON1,XENON CAPITAL MARKETS LTD,I,0.0,INTERCONNECTOR
ILG-ALIP1,I_ILG-ALIP1,Energetick ApS,I,1000.0,INTERCONNECTOR
ILG-ALPE1,I_ILG-ALPE1,Alpha Energy ApS,I,500.0,INTERCONNECTOR
ILG-ARON1,I_ILG-ARON1,J.Aron & Company,I,1000.0,INTERCONNECTOR
ILG-AROS1,I_ILG-AROS1,Arosource ApS,I,1000.0,INTERCONNECTOR
ILG-ARTH1,I_ILG-ARTH1,Aarhus Trading A/S,I,1000.0,INTERCONNECTOR
ILG-ATLS1,I_ILG-ATLS1,Atlas Energy DAC,I,1000.0,INTERCONNECTOR
ILG-BAYW1,I_ILG-BAYW1,Baywa r.e. Energy Trading GmbH,I,1000.0,INTERCONNECTOR
ILG-BKWE1,I_ILG-BKWE1,BKW Energie AG,I,450.0,INTERCONNECTOR
ILG-BPGM1,I_ILG-BPGM1,BP Gas Marketing Limited,I,1000.0,INTERCONNECTOR
ILG-CACM1,I_ILG-CACM1,C A Commodities A/S,I,1000.0,INTERCONNECTOR
ILG-CBST1,I_ILG-CBST1,Cobblestone Energy,I,1000.0,INTERCONNECTOR
ILG-CCME1,I_ILG-CCME1,Castleton Commodities Europe,I,1000.0,INTERCONNECTOR
ILG-CENT1,I_ILG-CENT1,Centrica Energy Limited,I,1050.0,INTERCONNECTOR
ILG-CETL1,I_ILG-CETL1,Conrad Energy (Trading) Ltd,I,1000.0,INTERCONNECTOR
ILG-CEZC1,I_ILG-CEZC1,CEZ A.S,I,1000.0,INTERCONNECTOR
ILG-CFPE1,I_ILG-CFPE1,CFP Commodities Limited,I,1000.0,INTERCONNECTOR
ILG-COMM1,I_ILG-COMM1,COMCOM Trading d.o.o,I,1000.0,INTERCONNECTOR
ILG-CONS1,I_ILG-CONS1,Constellation Generation LTD,I,1000.0,INTERCONNECTOR
ILG-COPN1,I_ILG-COPN1,Copenhagen Energy Trading A/S,I,1000.0,INTERCONNECTOR
ILG-CURR1,I_ILG-CURR1,Current Commodities A/S,I,2000.0,INTERCONNECTOR
ILG-DARE1,I_ILG-DARE1,Dare Power Ltd,I,2000.0,INTERCONNECTOR
ILG-DMCC1,I_ILG-DMCC1,Cobblestone Energy DMCC,I,1000.0,INTERCONNECTOR
ILG-DUEN1,I_ILG-DUEN1,Duferco Energia S.p.A.,I,200.0,INTERCONNECTOR
ILG-DUFE1,I_ILG-DUFE1,DXT Commodities SA,I,1000.0,INTERCONNECTOR
ILG-DVAL1,I_ILG-DVAL1,DVALIN ApS,I,1000.0,INTERCONNECTOR
ILG-DVTD1,I_ILG-DVTD1,DV Trading (Europe) P/S,I,1000.0,INTERCONNECTOR
ILG-EDFT1,I_ILG-EDFT1,EDF TRADING LIMITED,I,1050.0,INTERCONNECTOR
ILG-EDMK1,I_ILG-EDMK1,Mind Energy A/S,I,1050.0,INTERCONNECTOR
ILG-EENG1,I_ILG-EENG1,Eio Energi ApS,I,50.0,INTERCONNECTOR
ILG-ELTR1,I_ILG-ELTR1,ElectroRoute Energy Trading,I,1000.0,INTERCONNECTOR
ILG-ENBW1,I_ILG-ENBW1,EnBW Energie Ba-Wu AG,I,1000.0,INTERCONNECTOR
ILG-ENGM1,I_ILG-ENGM1,ENGIE GLOBAL MARKETS,I,1000.0,INTERCONNECTOR
ILG-ENSC1,I_ILG-ENSC1,EnSCo Energy Services Company,I,1000.0,INTERCONNECTOR
ILG-ENTC1,I_ILG-ENTC1,Energetech Europe BV,I,500.0,INTERCONNECTOR
ILG-EPCO1,I_ILG-EPCO1,EP COMMODITIES A.S,I,300.0,INTERCONNECTOR
ILG-EWII1,I_ILG-EWII1,EWII Energi A/S,I,1000.0,INTERCONNECTOR
ILG-EXXO1,I_ILG-EXXO1,EXXONMOBIL GAS MARKETING,I,1000.0,INTERCONNECTOR
ILG-EZPD1,I_ILG-EZPD1,Ezpada AG,I,500.0,INTERCONNECTOR
ILG-FLEX1,I_ILG-FLEX1,Citadel FlexPower GmbH,I,1400.0,INTERCONNECTOR
ILG-GENI1,I_ILG-GENI1,"GEN-I, d.o.o.",I,1000.0,INTERCONNECTOR
ILG-GLEN1,I_ILG-GLEN1,Glencore Energy UK Ltd,I,1000.0,INTERCONNECTOR
ILG-GNER1,I_ILG-GNER1,Gnera Energia y Tecnologia S.L,I,1000.0,INTERCONNECTOR
ILG-GRMC1,I_ILG-GRMC1,A/S Global Risk Management Ltd,I,1000.0,INTERCONNECTOR
ILG-HART1,I_ILG-HART1,HAPPGCO,I,1000.0,INTERCONNECTOR
ILG-HELI1,I_ILG-HELI1,Helios Power Trading A/S,I,1000.0,INTERCONNECTOR
ILG-IMPT1,I_ILG-IMPT1,Impact Energy Trading A/S,I,1000.0,INTERCONNECTOR
ILG-INCM1,I_ILG-INCM1,IN COMMODITIES A/S,I,750.0,INTERCONNECTOR
ILG-JWME1,I_ILG-JWME1,JWM Energia,I,1000.0,INTERCONNECTOR
ILG-MCRA1,I_ILG-MCRA1,Mercuria Energy Trading SA,I,1000.0,INTERCONNECTOR
ILG-MFTE1,I_ILG-MFTE1,MFT Energy A/S,I,1000.0,INTERCONNECTOR
ILG-NDPL1,I_ILG-NDPL1,European Market Coupling,I,1050.0,INTERCONNECTOR
ILG-NEAS1,I_ILG-NEAS1,Centrica Energy Trading A/S,I,1000.0,INTERCONNECTOR
ILG-NEHO1,I_ILG-NEHO1,Nordic Energy House ApS,I,1000.0,INTERCONNECTOR
ILG-NITR1,I_ILG-NITR1,Nitor Energy A/S,I,1000.0,INTERCONNECTOR
ILG-NORL1,I_ILG-NORL1,Norlys Energy Trading A/S,I,2000.0,INTERCONNECTOR
ILG-NTPL1,I_ILG-NTPL1,Northpool BV,I,1000.0,INTERCONNECTOR
ILG-OPMX1,I_ILG-OPMX1,Optimax Energy GmbH,I,1000.0,INTERCONNECTOR
ILG-OUTL1,I_ILG-OUTL1,Outlook Energy Ltd,I,2000.0,INTERCONNECTOR
ILG-PEAK1,I_ILG-PEAK1,Peak Gen Top Co Limited,I,1000.0,INTERCONNECTOR
ILG-PETC1,I_ILG-PETC1,PETROCHINA INTL LONDON CO. LTD,I,1000.0,INTERCONNECTOR
ILG-PREP1,I_ILG-PREP1,Yuno Limited,I,1000.0,INTERCONNECTOR
ILG-PWMR1,I_ILG-PWMR1,PowerMart ApS,I,1000.0,INTERCONNECTOR
ILG-QUAR1,I_ILG-QUAR1,Quark Energy Trading Limited,I,1000.0,INTERCONNECTOR
ILG-RESP1,I_ILG-RESP1,RESPECT ENERGY S.A.,I,700.0,INTERCONNECTOR
ILG-RISQ1,I_ILG-RISQ1,Risq Energy Limited,I,1000.0,INTERCONNECTOR
ILG-RWES1,I_ILG-RWES1,RWE Supply and Trading GmbH,I,1000.0,INTERCONNECTOR
ILG-SEFE1,I_ILG-SEFE1,SEFE Marketing & Trading LTD,I,1050.0,INTERCONNECTOR
ILG-SETL1,I_ILG-SETL1,Shell Energy Europe Limited,I,1000.0,INTERCONNECTOR
ILG-SIRI1,I_ILG-SIRI1,Sirius Energy SA,I,1000.0,INTERCONNECTOR
ILG-STGS1,I_ILG-STGS1,STG Switzerland GmbH,I,1000.0,INTERCONNECTOR
ILG-TGPL1,I_ILG-TGPL1,TotalEnergies Gas & Power Ltd,I,1000.0,INTERCONNECTOR
ILG-TRFD1,I_ILG-TRFD1,Trafigura Denmark ApS,I,1000.0,INTERCONNECTOR
ILG-TRFG1,I_ILG-TRFG1,Trafigura Trading Sarl,I,1000.0,INTERCONNECTOR
ILG-VOLT1,I_ILG-VOLT1,Volta Energy DAC,I,250.0,INTERCONNECTOR
ILG-VSAL1,I_ILG-VSAL1,VITOL SA,I,1000.0,INTERCONNECTOR
ILG-XNON1,I_ILG-XNON1,XENON CAPITAL MARKETS LTD,I,1000.0,INTERCONNECTOR
ILG_EZCO1,,,,,INTERCONNECTOR
ILMEB-1,E_ILMEB-1,Tesla Motors Limited,E,49.5,BATTERIES
IMD-AIRL1,,,,,INTERCONNECTOR
IMD-AXPO1,I_IMD-AXPO1,Axpo Solutions AG,I,0.0,INTERCONNECTOR
IMD-BDGS1,,,,,INTERCONNECTOR
IMD-BGSE1,I_IMD-BGSE1,Bord Gais Energy Limited,I,0.0,INTERCONNECTOR
IMD-BRKF1,I_IMD-BRKF1,Orsted Renewable Supply 2 Ltd,I,0.0,INTERCONNECTOR
IMD-CAPT1,,,,,INTERCONNECTOR
IMD-CNGS1,,,,,INTERCONNECTOR
IMD-DSKC1,I_IMD-DSKC1,Danske Commodities A/S,I,0.0,INTERCONNECTOR
IMD-ECCA1,,,,,INTERCONNECTOR
IMD-EGEN1,,,,,INTERCONNECTOR
IMD-ELTR1,I_IMD-ELTR1,ElectroRoute Energy Trading,I,0.0,INTERCONNECTOR
IMD-ENGI1,I_IMD-ENGI1,Mind Energy A/S,I,0.0,INTERCONNECTOR
IMD-ERVA1,I_IMD-ERVA1,Erova Energy Limited,I,0.0,INTERCONNECTOR
IMD-ESBE1,I_IMD-ESBE1,ESB Independent Energy (NI),I,0.0,INTERCONNECTOR
IMD-ESBI1,I_IMD-ESBI1,ESBIG Trading Ltd,I,0.0,INTERCONNECTOR
IMD-ETSA1,,,,,INTERCONNECTOR
IMD-GAZP1,,,,,INTERCONNECTOR
IMD-GLTR1,,,,,INTERCONNECTOR
IMD-INCM1,I_IMD-INCM1,IN COMMODITIES A/S,I,0.0,INTERCONNECTOR
IMD-LTFD1,I_IMD-LTFD1,LIGHTFIELD LTD,I,0.0,INTERCONNECTOR
IMD-NSEN1,I_IMD-NSEN1,Centrica Energy Trading A/S,I,0.0,INTERCONNECTOR
IMD-PRNI1,,,,,INTERCONNECTOR
IMD-RWEM1,,,,,INTERCONNECTOR
IMD-RWES1,I_IMD-RWES1,RWE Supply and Trading GmbH,I,0.0,INTERCONNECTOR
IMD-SEEL1,I_IMD-SEEL1,Shell Energy Europe Limited,I,0.0,INTERCONNECTOR
IMD-SPEM1,I_IMD-SPEM1,SP Energy Management Ltd,I,0.0,INTERCONNECTOR
IMD-SSIR1,,,,,INTERCONNECTOR
IMD-SSTH1,,,,,INTERCONNECTOR
IMD-STAT1,I_IMD-STAT1,Statkraft Markets Gmbh,I,0.0,INTERCONNECTOR
IMD-TRLS1,,,,,INTERCONNECTOR
IMD-VESL1,I_IMD-VESL1,Energia Customer Solutions Ltd,I,0.0,INTERCONNECTOR
IMG-AIRL1,,,,,INTERCONNECTOR
IMG-AXPO1,I_IMG-AXPO1,Axpo Solutions AG,I,500.0,INTERCONNECTOR
IMG-BDGS1,,,,,INTERCONNECTOR
IMG-BGSE1,I_IMG-BGSE1,Bord Gais Energy Limited,I,2000.0,INTERCONNECTOR
IMG-BRKF1,I_IMG-BRKF1,Orsted Renewable Supply 2 Ltd,I,295.0,INTERCONNECTOR
IMG-CAPT1,,,,,INTERCONNECTOR
IMG-CNGS1,,,,,INTERCONNECTOR
IMG-DSKC1,I_IMG-DSKC1,Danske Commodities A/S,I,200.0,INTERCONNECTOR
IMG-ECCA1,,,,,INTERCONNECTOR
IMG-EGEN1,,,,,INTERCONNECTOR
IMG-ELTR1,I_IMG-ELTR1,ElectroRoute Energy Trading,I,1000.0,INTERCONNECTOR
IMG-ENGI1,I_IMG-ENGI1,Mind Energy A/S,I,500.0,INTERCONNECTOR
IMG-ERVA1,I_IMG-ERVA1,Erova Energy Limited,I,2000.0,INTERCONNECTOR
IMG-ESBE1,I_IMG-ESBE1,ESB Independent Energy (NI),I,80.0,INTERCONNECTOR
IMG-ESBI1,I_IMG-ESBI1,ESBIG Trading Ltd,I,500.0,INTERCONNECTOR
IMG-ETSA1,,,,,INTERCONNECTOR
IMG-GAZP1,,,,,INTERCONNECTOR
IMG-GLTR1,,,,,INTERCONNECTOR
IMG-INCM1,I_IMG-INCM1,IN COMMODITIES A/S,I,75.0,INTERCONNECTOR
IMG-LTFD1,I_IMG-LTFD1,LIGHTFIELD LTD,I,500.0,INTERCONNECTOR
IMG-NSEN1,I_IMG-NSEN1,Centrica Energy Trading A/S,I,500.0,INTERCONNECTOR
IMG-PRNI1,,,,,INTERCONNECTOR
IMG-RWEM1,,,,,INTERCONNECTOR
IMG-RWES1,I_IMG-RWES1,RWE Supply and Trading GmbH,I,295.0,INTERCONNECTOR
IMG-SEEL1,I_IMG-SEEL1,Shell Energy Europe Limited,I,500.0,INTERCONNECTOR
IMG-SPEM1,I_IMG-SPEM1,SP Energy Management Ltd,I,500.0,INTERCONNECTOR
IMG-SSIR1,,,,,INTERCONNECTOR
IMG-SSTH1,,,,,INTERCONNECTOR
IMG-STAT1,I_IMG-STAT1,Statkraft Markets Gmbh,I,1000.0,INTERCONNECTOR
IMG-TRLS1,,,,,INTERCONNECTOR
IMG-VESL1,I_IMG-VESL1,Energia Customer Solutions Ltd,I,0.0,INTERCONNECTOR
INAW-1,,,,,NPSHYD
INCWO-1,,,,,WIND
INCWO-2,,,,,WIND
INCWO-3,,,,,WIND
INCWO-4,,,,,WIND
IND-ALIP1,I_IND-ALIP1,Energetick ApS,I,0.0,INTERCONNECTOR
IND-ALPE1,I_IND-ALPE1,Alpha Energy ApS,I,0.0,INTERCONNECTOR
IND-ARON1,I_IND-ARON1,J.Aron & Company,I,0.0,INTERCONNECTOR
IND-AROS1,I_IND-AROS1,Arosource ApS,I,0.0,INTERCONNECTOR
IND-ARTH1,I_IND-ARTH1,Aarhus Trading A/S,I,0.0,INTERCONNECTOR
IND-ATLS1,I_IND-ATLS1,Atlas Energy DAC,I,0.0,INTERCONNECTOR
IND-AXPO1,I_IND-AXPO1,Axpo Solutions AG,I,0.0,INTERCONNECTOR
IND-BAYW1,I_IND-BAYW1,Baywa r.e. Energy Trading GmbH,I,0.0,INTERCONNECTOR
IND-BDEN1,I_IND-BDEN1,BD Energy A/S,I,0.0,INTERCONNECTOR
IND-BKWE1,I_IND-BKWE1,BKW Energie AG,I,0.0,INTERCONNECTOR
IND-BPGM1,I_IND-BPGM1,BP Gas Marketing Limited,I,0.0,INTERCONNECTOR
IND-CACM1,I_IND-CACM1,C A Commodities A/S,I,0.0,INTERCONNECTOR
IND-CBST1,I_IND-CBST1,Cobblestone Energy,I,0.0,INTERCONNECTOR
IND-CCME1,I_IND-CCME1,Castleton Commodities Europe,I,0.0,INTERCONNECTOR
IND-CENT1,I_IND-CENT1,Centrica Energy Limited,I,0.0,INTERCONNECTOR
IND-CEZC1,I_IND-CEZC1,CEZ A.S,I,0.0,INTERCONNECTOR
IND-CFPE1,I_IND-CFPE1,CFP Commodities Limited,I,0.0,INTERCONNECTOR
IND-CNGS1,I_IND-CNGS1,Cenergise Limited,I,0.0,INTERCONNECTOR
IND-COMM1,I_IND-COMM1,COMCOM Trading d.o.o,I,0.0,INTERCONNECTOR
IND-CONS1,I_IND-CONS1,Constellation Generation LTD,I,0.0,INTERCONNECTOR
IND-CONV1,I_IND-CONV1,Convex Energy GmbH,I,0.0,INTERCONNECTOR
IND-COPN1,I_IND-COPN1,Copenhagen Energy Trading A/S,I,0.0,INTERCONNECTOR
IND-DARE1,I_IND-DARE1,Dare Power Ltd,I,0.0,INTERCONNECTOR
IND-DMCC1,I_IND-DMCC1,Cobblestone Energy DMCC,I,0.0,INTERCONNECTOR
IND-DSKC1,I_IND-DSKC1,Danske Commodities A/S,I,0.0,INTERCONNECTOR
IND-DUFE1,I_IND-DUFE1,DXT Commodities SA,I,0.0,INTERCONNECTOR
IND-DVAL1,I_IND-DVAL1,DVALIN ApS,I,0.0,INTERCONNECTOR
IND-DVTD1,I_IND-DVTD1,DV Trading (Europe) P/S,I,0.0,INTERCONNECTOR
IND-EDFT1,I_IND-EDFT1,EDF TRADING LIMITED,I,0.0,INTERCONNECTOR
IND-EDMK1,I_IND-EDMK1,Mind Energy A/S,I,0.0,INTERCONNECTOR
IND-ELEE1,I_IND-ELEE1,Electrabel SA,I,0.0,INTERCONNECTOR
IND-ELTR1,I_IND-ELTR1,ElectroRoute Energy Trading,I,0.0,INTERCONNECTOR
IND-ENET1,I_IND-ENET1,Eneco Energy Trade,I,0.0,INTERCONNECTOR
IND-ENTC1,I_IND-ENTC1,Energetech Europe BV,I,0.0,INTERCONNECTOR
IND-ENZL1,I_IND-ENZL1,ENZOL Energy Trading ApS,I,0.0,INTERCONNECTOR
IND-EPCO1,I_IND-EPCO1,EP COMMODITIES A.S,I,0.0,INTERCONNECTOR
IND-EWII1,I_IND-EWII1,EWII Energi A/S,I,0.0,INTERCONNECTOR
IND-EZCO1,I_IND-EZCO1,ENZEE Commodities A/S,I,0.0,INTERCONNECTOR
IND-FLEX1,I_IND-FLEX1,Citadel FlexPower GmbH,I,0.0,INTERCONNECTOR
IND-GASE1,I_IND-GASE1,ENGIE GLOBAL MARKETS,I,0.0,INTERCONNECTOR
IND-GAZP1,I_IND-GAZP1,SEFE Marketing & Trading LTD,I,0.0,INTERCONNECTOR
IND-GENI1,I_IND-GENI1,"GEN-I, d.o.o.",I,0.0,INTERCONNECTOR
IND-GLEN1,I_IND-GLEN1,Glencore Energy UK Ltd,I,0.0,INTERCONNECTOR
IND-GRMC1,I_IND-GRMC1,A/S Global Risk Management Ltd,I,0.0,INTERCONNECTOR
IND-HART1,I_IND-HART1,HAPPGCO,I,0.0,INTERCONNECTOR
IND-HELI1,I_IND-HELI1,Helios Power Trading A/S,I,0.0,INTERCONNECTOR
IND-IDCE1,I_IND-IDCE1,DC Energy Trading V.O.F.,I,0.0,INTERCONNECTOR
IND-IDCT1,I_IND-IDCT1,Inductive Energy A/S,I,0.0,INTERCONNECTOR
IND-IMTC1,I_IND-IMTC1,IMC Trading BV NL Denmark,I,0.0,INTERCONNECTOR
IND-INCM1,I_IND-INCM1,IN COMMODITIES A/S,I,0.0,INTERCONNECTOR
IND-KCST1,I_IND-KCST1,KOCH SUPPLY & TRADING SARL,I,0.0,INTERCONNECTOR
IND-KVAS1,I_IND-KVAS1,Kvasir Technologies,I,0.0,INTERCONNECTOR
IND-LMUS1,I_IND-LMUS1,Luminus SA,I,0.0,INTERCONNECTOR
IND-MCRA1,I_IND-MCRA1,Mercuria Energy Trading SA,I,0.0,INTERCONNECTOR
IND-MFTE1,I_IND-MFTE1,MFT Energy A/S,I,0.0,INTERCONNECTOR
IND-NDPL1,I_IND-NDPL1,European Market Coupling,I,0.0,INTERCONNECTOR
IND-NEAS1,I_IND-NEAS1,Centrica Energy Trading A/S,I,0.0,INTERCONNECTOR
IND-NEHO1,I_IND-NEHO1,Nordic Energy House ApS,I,0.0,INTERCONNECTOR
IND-NEMO1,I_IND-NEMO1,Nemo Link Limited,I,0.0,INTERCONNECTOR
IND-NITR1,I_IND-NITR1,Nitor Energy A/S,I,0.0,INTERCONNECTOR
IND-NORL1,I_IND-NORL1,Norlys Energy Trading A/S,I,0.0,INTERCONNECTOR
IND-NTPL1,I_IND-NTPL1,Northpool BV,I,0.0,INTERCONNECTOR
IND-OMPX1,I_IND-OMPX1,Ompex AG,I,0.0,INTERCONNECTOR
IND-OPMX1,I_IND-OPMX1,Optimax Energy GmbH,I,0.0,INTERCONNECTOR
IND-OUTL1,I_IND-OUTL1,Outlook Energy Ltd,I,0.0,INTERCONNECTOR
IND-PWMR1,I_IND-PWMR1,PowerMart ApS,I,0.0,INTERCONNECTOR
IND-QUEN1,I_IND-QUEN1,QUENT ApS,I,0.0,INTERCONNECTOR
IND-RESP1,I_IND-RESP1,RESPECT ENERGY S.A.,I,0.0,INTERCONNECTOR
IND-RISQ1,I_IND-RISQ1,Risq Energy Limited,I,0.0,INTERCONNECTOR
IND-RWES1,I_IND-RWES1,RWE Supply and Trading GmbH,I,0.0,INTERCONNECTOR
IND-SCAL1,I_IND-SCAL1,Scalar Energy OU,I,0.0,INTERCONNECTOR
IND-SECF1,I_IND-SECF1,Second Foundation Trading AG,I,0.0,INTERCONNECTOR
IND-SETL1,I_IND-SETL1,Shell Energy Europe Limited,I,0.0,INTERCONNECTOR
IND-SIRI1,I_IND-SIRI1,Sirius Energy SA,I,0.0,INTERCONNECTOR
IND-SMAR1,I_IND-SMAR1,Smart@energy B.V.,I,0.0,INTERCONNECTOR
IND-SSEG1,I_IND-SSEG1,SSE Energy Supply Limited,I,0.0,INTERCONNECTOR
IND-STAT1,I_IND-STAT1,Statkraft Markets Gmbh,I,0.0,INTERCONNECTOR
IND-STGS1,I_IND-STGS1,STG Switzerland GmbH,I,0.0,INTERCONNECTOR
IND-TGPL1,I_IND-TGPL1,TotalEnergies Gas & Power Ltd,I,0.0,INTERCONNECTOR
IND-TRFD1,I_IND-TRFD1,Trafigura Denmark ApS,I,0.0,INTERCONNECTOR
IND-TRFG1,I_IND-TRFG1,Trafigura Trading Sarl,I,0.0,INTERCONNECTOR
IND-TRLS1,I_IND-TRLS1,Engelhart CTP Renewables GmbH,I,0.0,INTERCONNECTOR
IND-VOLT1,I_IND-VOLT1,Volta Energy DAC,I,0.0,INTERCONNECTOR
IND-VSAL1,I_IND-VSAL1,VITOL SA,I,0.0,INTERCONNECTOR
IND-VTET1,I_IND-VTET1,Vattenfall Energy Trading,I,0.0,INTERCONNECTOR
IND-XNON1,I_IND-XNON1,XENON CAPITAL MARKETS LTD,I,0.0,INTERCONNECTOR
INDQ-1,T_INDQ-1,Indian Queens Power Ltd,T,140.08,CCGT
INDQB-1,T_INDQB-1,Pivoted Power LLP,T,47.5,BATTERIES
ING-ALIP1,I_ING-ALIP1,Energetick ApS,I,100.0,INTERCONNECTOR
ING-ALPE1,I_ING-ALPE1,Alpha Energy ApS,I,500.0,INTERCONNECTOR
ING-ARON1,I_ING-ARON1,J.Aron & Company,I,1000.0,INTERCONNECTOR
ING-AROS1,I_ING-AROS1,Arosource ApS,I,1000.0,INTERCONNECTOR
ING-ARTH1,I_ING-ARTH1,Aarhus Trading A/S,I,1000.0,INTERCONNECTOR
ING-ATLS1,I_ING-ATLS1,Atlas Energy DAC,I,1000.0,INTERCONNECTOR
ING-AXPO1,I_ING-AXPO1,Axpo Solutions AG,I,200.0,INTERCONNECTOR
ING-BAYW1,I_ING-BAYW1,Baywa r.e. Energy Trading GmbH,I,1000.0,INTERCONNECTOR
ING-BDEN1,I_ING-BDEN1,BD Energy A/S,I,720.0,INTERCONNECTOR
ING-BKWE1,I_ING-BKWE1,BKW Energie AG,I,1000.0,INTERCONNECTOR
ING-BPGM1,I_ING-BPGM1,BP Gas Marketing Limited,I,1000.0,INTERCONNECTOR
ING-CACM1,I_ING-CACM1,C A Commodities A/S,I,1000.0,INTERCONNECTOR
ING-CBST1,I_ING-CBST1,Cobblestone Energy,I,1000.0,INTERCONNECTOR
ING-CCME1,I_ING-CCME1,Castleton Commodities Europe,I,1012.0,INTERCONNECTOR
ING-CENT1,I_ING-CENT1,Centrica Energy Limited,I,2000.0,INTERCONNECTOR
ING-CEZC1,I_ING-CEZC1,CEZ A.S,I,1000.0,INTERCONNECTOR
ING-CFPE1,I_ING-CFPE1,CFP Commodities Limited,I,1000.0,INTERCONNECTOR
ING-CNGS1,I_ING-CNGS1,Cenergise Limited,I,1000.0,INTERCONNECTOR
ING-COMM1,I_ING-COMM1,COMCOM Trading d.o.o,I,1000.0,INTERCONNECTOR
ING-CONS1,I_ING-CONS1,Constellation Generation LTD,I,1000.0,INTERCONNECTOR
ING-CONV1,I_ING-CONV1,Convex Energy GmbH,I,500.0,INTERCONNECTOR
ING-COPN1,I_ING-COPN1,Copenhagen Energy Trading A/S,I,1000.0,INTERCONNECTOR
ING-DARE1,I_ING-DARE1,Dare Power Ltd,I,2000.0,INTERCONNECTOR
ING-DMCC1,I_ING-DMCC1,Cobblestone Energy DMCC,I,1000.0,INTERCONNECTOR
ING-DSKC1,I_ING-DSKC1,Danske Commodities A/S,I,1046.0,INTERCONNECTOR
ING-DUFE1,I_ING-DUFE1,DXT Commodities SA,I,1000.0,INTERCONNECTOR
ING-DVAL1,I_ING-DVAL1,DVALIN ApS,I,1000.0,INTERCONNECTOR
ING-DVTD1,I_ING-DVTD1,DV Trading (Europe) P/S,I,1000.0,INTERCONNECTOR
ING-EDFT1,I_ING-EDFT1,EDF TRADING LIMITED,I,1000.0,INTERCONNECTOR
ING-EDMK1,I_ING-EDMK1,Mind Energy A/S,I,2000.0,INTERCONNECTOR
ING-ELEE1,I_ING-ELEE1,Electrabel SA,I,1400.0,INTERCONNECTOR
ING-ELTR1,I_ING-ELTR1,ElectroRoute Energy Trading,I,1046.0,INTERCONNECTOR
ING-ENET1,I_ING-ENET1,Eneco Energy Trade,I,500.0,INTERCONNECTOR
ING-ENTC1,I_ING-ENTC1,Energetech Europe BV,I,500.0,INTERCONNECTOR
ING-ENZL1,I_ING-ENZL1,ENZOL Energy Trading ApS,I,800.0,INTERCONNECTOR
ING-EPCO1,I_ING-EPCO1,EP COMMODITIES A.S,I,300.0,INTERCONNECTOR
ING-EWII1,I_ING-EWII1,EWII Energi A/S,I,1000.0,INTERCONNECTOR
ING-EZCO1,I_ING-EZCO1,ENZEE Commodities A/S,I,1012.0,INTERCONNECTOR
ING-FLEX1,I_ING-FLEX1,Citadel FlexPower GmbH,I,1400.0,INTERCONNECTOR
ING-GASE1,I_ING-GASE1,ENGIE GLOBAL MARKETS,I,1000.0,INTERCONNECTOR
ING-GAZP1,I_ING-GAZP1,SEFE Marketing & Trading LTD,I,500.0,INTERCONNECTOR
ING-GENI1,I_ING-GENI1,"GEN-I, d.o.o.",I,1012.0,INTERCONNECTOR
ING-GLEN1,I_ING-GLEN1,Glencore Energy UK Ltd,I,1000.0,INTERCONNECTOR
ING-GRMC1,I_ING-GRMC1,A/S Global Risk Management Ltd,I,1000.0,INTERCONNECTOR
ING-HART1,I_ING-HART1,HAPPGCO,I,1000.0,INTERCONNECTOR
ING-HELI1,I_ING-HELI1,Helios Power Trading A/S,I,1000.0,INTERCONNECTOR
ING-IDCE1,I_ING-IDCE1,DC Energy Trading V.O.F.,I,1000.0,INTERCONNECTOR
ING-IDCT1,I_ING-IDCT1,Inductive Energy A/S,I,1000.0,INTERCONNECTOR
ING-IMTC1,I_ING-IMTC1,IMC Trading BV NL Denmark,I,1012.0,INTERCONNECTOR
ING-INCM1,I_ING-INCM1,IN COMMODITIES A/S,I,1000.0,INTERCONNECTOR
ING-KCST1,I_ING-KCST1,KOCH SUPPLY & TRADING SARL,I,1046.0,INTERCONNECTOR
ING-KVAS1,I_ING-KVAS1,Kvasir Technologies,I,50.0,INTERCONNECTOR
ING-LMUS1,I_ING-LMUS1,Luminus SA,I,1000.0,INTERCONNECTOR
ING-MCRA1,I_ING-MCRA1,Mercuria Energy Trading SA,I,1000.0,INTERCONNECTOR
ING-MFTE1,I_ING-MFTE1,MFT Energy A/S,I,1000.0,INTERCONNECTOR
ING-NEAS1,I_ING-NEAS1,Centrica Energy Trading A/S,I,2000.0,INTERCONNECTOR
ING-NEHO1,I_ING-NEHO1,Nordic Energy House ApS,I,1000.0,INTERCONNECTOR
ING-NEMO1,I_ING-NEMO1,Nemo Link Limited,I,1020.0,OTHER
ING-NITR1,I_ING-NITR1,Nitor Energy A/S,I,1000.0,INTERCONNECTOR
ING-NORL1,I_ING-NORL1,Norlys Energy Trading A/S,I,2000.0,INTERCONNECTOR
ING-NTPL1,I_ING-NTPL1,Northpool BV,I,2000.0,INTERCONNECTOR
ING-OMPX1,I_ING-OMPX1,Ompex AG,I,1000.0,INTERCONNECTOR
ING-OPMX1,I_ING-OPMX1,Optimax Energy GmbH,I,1000.0,INTERCONNECTOR
ING-OUTL1,I_ING-OUTL1,Outlook Energy Ltd,I,4000.0,INTERCONNECTOR
ING-PWMR1,I_ING-PWMR1,PowerMart ApS,I,1000.0,INTERCONNECTOR
ING-QUEN1,I_ING-QUEN1,QUENT ApS,I,50.0,INTERCONNECTOR
ING-RESP1,I_ING-RESP1,RESPECT ENERGY S.A.,I,700.0,INTERCONNECTOR
ING-RISQ1,I_ING-RISQ1,Risq Energy Limited,I,1000.0,INTERCONNECTOR
ING-RWES1,I_ING-RWES1,RWE Supply and Trading GmbH,I,1000.0,INTERCONNECTOR
ING-SCAL1,I_ING-SCAL1,Scalar Energy OU,I,1000.0,INTERCONNECTOR
ING-SECF1,I_ING-SECF1,Second Foundation Trading AG,I,200.0,INTERCONNECTOR
ING-SETL1,I_ING-SETL1,Shell Energy Europe Limited,I,1000.0,INTERCONNECTOR
ING-SIRI1,I_ING-SIRI1,Sirius Energy SA,I,1000.0,INTERCONNECTOR
ING-SMAR1,I_ING-SMAR1,Smart@energy B.V.,I,1000.0,INTERCONNECTOR
ING-SSEG1,I_ING-SSEG1,SSE Energy Supply Limited,I,0.0,INTERCONNECTOR
ING-STAT1,I_ING-STAT1,Statkraft Markets Gmbh,I,1000.0,INTERCONNECTOR
ING-STGS1,I_ING-STGS1,STG Switzerland GmbH,I,1000.0,INTERCONNECTOR
ING-TGPL1,I_ING-TGPL1,TotalEnergies Gas & Power Ltd,I,1000.0,INTERCONNECTOR
ING-TRFD1,I_ING-TRFD1,Trafigura Denmark ApS,I,1000.0,INTERCONNECTOR
ING-TRFG1,I_ING-TRFG1,Trafigura Trading Sarl,I,1000.0,INTERCONNECTOR
ING-TRLS1,I_ING-TRLS1,Engelhart CTP Renewables GmbH,I,500.0,INTERCONNECTOR
ING-VOLT1,I_ING-VOLT1,Volta Energy DAC,I,250.0,INTERCONNECTOR
ING-VSAL1,I_ING-VSAL1,VITOL SA,I,1000.0,INTERCONNECTOR
ING-VTET1,I_ING-VTET1,Vattenfall Energy Trading,I,1000.0,INTERCONNECTOR
ING-XNON1,I_ING-XNON1,XENON CAPITAL MARKETS LTD,I,1000.0,INTERCONNECTOR
INGA-1,,,,,NPSHYD
INGAD-1,T_INGAD-1,SSE Generation Ltd,T,0.0,OTHER
INNDW-1,,,,,WIND
INQSB-1,,,,,BATTERIES
INWID-1,T_INWID-1,EDF Energy Customers Limited,T,0.0,OTHER
IRNAB-1,T_IRNAB-1,HD000ACT Ltd,T,121.0,OTHER
ISD-DMCC1,I_ISD-DMCC1,Cobblestone Energy DMCC,I,0.0,INTERCONNECTOR
ISD-NDPL1,I_ISD-NDPL1,European Market Coupling,I,0.0,INTERCONNECTOR
ISG-DMCC1,I_ISG-DMCC1,Cobblestone Energy DMCC,I,1000.0,INTERCONNECTOR
ISG-NDPL1,I_ISG-NDPL1,European Market Coupling,I,1400.0,INTERCONNECTOR
IVD-AARH1,I_IVD-AARH1,Aarhus Energy A/S,I,0.0,INTERCONNECTOR
IVD-AENG1,I_IVD-AENG1,A Energi Vannkraft AS,I,0.0,INTERCONNECTOR
IVD-ALIP1,I_IVD-ALIP1,Energetick ApS,I,0.0,INTERCONNECTOR
IVD-ALPE1,I_IVD-ALPE1,Alpha Energy ApS,I,0.0,INTERCONNECTOR
IVD-AROS1,I_IVD-AROS1,Arosource ApS,I,0.0,INTERCONNECTOR
IVD-ARTH1,I_IVD-ARTH1,Aarhus Trading A/S,I,0.0,INTERCONNECTOR
IVD-ATLS1,I_IVD-ATLS1,Atlas Energy DAC,I,0.0,INTERCONNECTOR
IVD-BDEN1,I_IVD-BDEN1,BD Energy A/S,I,0.0,INTERCONNECTOR
IVD-CACM1,I_IVD-CACM1,C A Commodities A/S,I,0.0,INTERCONNECTOR
IVD-CONV1,I_IVD-CONV1,Convex Energy GmbH,I,0.0,INTERCONNECTOR
IVD-COPN1,I_IVD-COPN1,Copenhagen Energy Trading A/S,I,0.0,INTERCONNECTOR
IVD-CURR1,I_IVD-CURR1,Current Commodities A/S,I,0.0,INTERCONNECTOR
IVD-DARE1,I_IVD-DARE1,Dare Power Ltd,I,0.0,INTERCONNECTOR
IVD-DSKC1,I_IVD-DSKC1,Danske Commodities A/S,I,0.0,INTERCONNECTOR
IVD-DUFE1,I_IVD-DUFE1,DXT Commodities SA,I,0.0,INTERCONNECTOR
IVD-DVAL1,I_IVD-DVAL1,DVALIN ApS,I,0.0,INTERCONNECTOR
IVD-EDFT1,I_IVD-EDFT1,EDF TRADING LIMITED,I,0.0,INTERCONNECTOR
IVD-EDMK1,I_IVD-EDMK1,Mind Energy A/S,I,0.0,INTERCONNECTOR
IVD-EENG1,I_IVD-EENG1,Eio Energi ApS,I,0.0,INTERCONNECTOR
IVD-ELTR1,I_IVD-ELTR1,ElectroRoute Energy Trading,I,0.0,INTERCONNECTOR
IVD-ENGE1,I_IVD-ENGE1,ENGIE UK Markets Limited,I,0.0,INTERCONNECTOR
IVD-ENSC1,I_IVD-ENSC1,EnSCo Energy Services Company,I,0.0,INTERCONNECTOR
IVD-ENZL1,,,,,INTERCONNECTOR
IVD-EWII1,I_IVD-EWII1,EWII Energi A/S,I,0.0,INTERCONNECTOR
IVD-EZCO1,I_IVD-EZCO1,ENZEE Commodities A/S,I,0.0,INTERCONNECTOR
IVD-FLEX1,I_IVD-FLEX1,Citadel FlexPower GmbH,I,0.0,INTERCONNECTOR
IVD-GRDC1,I_IVD-GRDC1,Grid Commodities ApS,I,0.0,INTERCONNECTOR
IVD-GRMC1,I_IVD-GRMC1,A/S Global Risk Management Ltd,I,0.0,INTERCONNECTOR
IVD-GRMT1,I_IVD-GRMT1,A/S Global Risk Management Ltd,I,0.0,INTERCONNECTOR
IVD-HART1,I_IVD-HART1,HAPPGCO,I,0.0,INTERCONNECTOR
IVD-HELI1,I_IVD-HELI1,Helios Power Trading A/S,I,0.0,INTERCONNECTOR
IVD-HELI2,,,,,INTERCONNECTOR
IVD-IDCE1,I_IVD-IDCE1,DC Energy Trading V.O.F.,I,0.0,INTERCONNECTOR
IVD-IDCT1,I_IVD-IDCT1,Inductive Energy A/S,I,0.0,INTERCONNECTOR
IVD-IMPT1,I_IVD-IMPT1,Impact Energy Trading A/S,I,0.0,INTERCONNECTOR
IVD-IMTC1,I_IVD-IMTC1,IMC Trading BV NL Denmark,I,0.0,INTERCONNECTOR
IVD-INCM1,I_IVD-INCM1,IN COMMODITIES A/S,I,0.0,INTERCONNECTOR
IVD-KVAS1,I_IVD-KVAS1,Kvasir Technologies,I,0.0,INTERCONNECTOR
IVD-LYSE1,I_IVD-LYSE1,Lyse Produksjon AS,I,0.0,INTERCONNECTOR
IVD-MFTE1,I_IVD-MFTE1,MFT Energy A/S,I,0.0,INTERCONNECTOR
IVD-NEAS1,I_IVD-NEAS1,Centrica Energy Trading A/S,I,0.0,INTERCONNECTOR
IVD-NEHO1,I_IVD-NEHO1,Nordic Energy House ApS,I,0.0,INTERCONNECTOR
IVD-NEXT1,I_IVD-NEXT1,Next Gen Energy ApS,I,0.0,INTERCONNECTOR
IVD-NITR1,I_IVD-NITR1,Nitor Energy A/S,I,0.0,INTERCONNECTOR
IVD-NORL1,I_IVD-NORL1,Norlys Energy Trading A/S,I,0.0,INTERCONNECTOR
IVD-NTPL1,I_IVD-NTPL1,Northpool BV,I,0.0,INTERCONNECTOR
IVD-OPMX1,I_IVD-OPMX1,Optimax Energy GmbH,I,0.0,INTERCONNECTOR
IVD-OUTL1,I_IVD-OUTL1,Outlook Energy Ltd,I,0.0,INTERCONNECTOR
IVD-PWMR1,I_IVD-PWMR1,PowerMart ApS,I,0.0,INTERCONNECTOR
IVD-QTPT1,I_IVD-QTPT1,Quantum Power Trading,I,0.0,INTERCONNECTOR
IVD-QUEN1,I_IVD-QUEN1,QUENT ApS,I,0.0,INTERCONNECTOR
IVD-RESP1,I_IVD-RESP1,RESPECT ENERGY S.A.,I,0.0,INTERCONNECTOR
IVD-RWES1,I_IVD-RWES1,RWE Supply and Trading GmbH,I,0.0,INTERCONNECTOR
IVD-SCAL1,I_IVD-SCAL1,Scalar Energy OU,I,0.0,INTERCONNECTOR
IVD-SECF1,I_IVD-SECF1,Second Foundation Trading AG,I,0.0,INTERCONNECTOR
IVD-SEFE1,I_IVD-SEFE1,SEFE Marketing & Trading LTD,I,0.0,INTERCONNECTOR
IVD-SSEG1,I_IVD-SSEG1,SSE Energy Supply Limited,I,0.0,INTERCONNECTOR
IVD-STAT1,I_IVD-STAT1,Statkraft Markets Gmbh,I,0.0,INTERCONNECTOR
IVD-STGS1,I_IVD-STGS1,STG Switzerland GmbH,I,0.0,INTERCONNECTOR
IVD-STGS2,,,,,INTERCONNECTOR
IVD-TGPL1,I_IVD-TGPL1,TotalEnergies Gas & Power Ltd,I,0.0,INTERCONNECTOR
IVD-TILD1,I_IVD-TILD1,Tilde Energy Trading A/S,I,0.0,INTERCONNECTOR
IVD-TRAS1,I_IVD-TRAS1,Trasteel Nordic ApS,I,0.0,INTERCONNECTOR
IVD-TRLS1,I_IVD-TRLS1,Engelhart CTP Renewables GmbH,I,0.0,INTERCONNECTOR
IVD-VISC1,I_IVD-VISC1,Vis Commodities ApS,I,0.0,INTERCONNECTOR
IVD-VKL1,,,,,OTHER
IVD-VOLT1,I_IVD-VOLT1,Volta Energy DAC,I,0.0,INTERCONNECTOR
IVD-VSAL1,I_IVD-VSAL1,VITOL SA,I,0.0,INTERCONNECTOR
IVD-VTFS1,I_IVD-VTFS1,Vattenfall Energy Trading,I,0.0,INTERCONNECTOR
IVD-WOLF1,I_IVD-WOLF1,Wolfram Trading ApS,I,0.0,INTERCONNECTOR
IVG-AARH1,I_IVG-AARH1,Aarhus Energy A/S,I,400.0,INTERCONNECTOR
IVG-AENG1,I_IVG-AENG1,A Energi Vannkraft AS,I,1000.0,INTERCONNECTOR
IVG-ALIP1,I_IVG-ALIP1,Energetick ApS,I,1000.0,INTERCONNECTOR
IVG-ALPE1,I_IVG-ALPE1,Alpha Energy ApS,I,500.0,INTERCONNECTOR
IVG-AROS1,I_IVG-AROS1,Arosource ApS,I,1000.0,INTERCONNECTOR
IVG-ARTH1,I_IVG-ARTH1,Aarhus Trading A/S,I,1000.0,INTERCONNECTOR
IVG-ATLS1,I_IVG-ATLS1,Atlas Energy DAC,I,1400.0,INTERCONNECTOR
IVG-BDEN1,I_IVG-BDEN1,BD Energy A/S,I,720.0,INTERCONNECTOR
IVG-CACM1,I_IVG-CACM1,C A Commodities A/S,I,1400.0,INTERCONNECTOR
IVG-CONV1,I_IVG-CONV1,Convex Energy GmbH,I,700.0,INTERCONNECTOR
IVG-COPN1,I_IVG-COPN1,Copenhagen Energy Trading A/S,I,1400.0,INTERCONNECTOR
IVG-CURR1,I_IVG-CURR1,Current Commodities A/S,I,1400.0,INTERCONNECTOR
IVG-DARE1,I_IVG-DARE1,Dare Power Ltd,I,2800.0,INTERCONNECTOR
IVG-DSKC1,I_IVG-DSKC1,Danske Commodities A/S,I,1400.0,INTERCONNECTOR
IVG-DUFE1,I_IVG-DUFE1,DXT Commodities SA,I,1000.0,INTERCONNECTOR
IVG-DVAL1,I_IVG-DVAL1,DVALIN ApS,I,1400.0,INTERCONNECTOR
IVG-EDFT1,I_IVG-EDFT1,EDF TRADING LIMITED,I,1400.0,INTERCONNECTOR
IVG-EDMK1,I_IVG-EDMK1,Mind Energy A/S,I,1400.0,INTERCONNECTOR
IVG-EENG1,I_IVG-EENG1,Eio Energi ApS,I,100.0,INTERCONNECTOR
IVG-ELTR1,I_IVG-ELTR1,ElectroRoute Energy Trading,I,1400.0,INTERCONNECTOR
IVG-ENGE1,I_IVG-ENGE1,ENGIE UK Markets Limited,I,150.0,INTERCONNECTOR
IVG-ENSC1,I_IVG-ENSC1,EnSCo Energy Services Company,I,1000.0,INTERCONNECTOR
IVG-ENZL1,I_IVG-ENZL1,ENZOL Energy Trading ApS,I,800.0,INTERCONNECTOR
IVG-EWII1,I_IVG-EWII1,EWII Energi A/S,I,1400.0,INTERCONNECTOR
IVG-EZCO1,I_IVG-EZCO1,ENZEE Commodities A/S,I,1400.0,INTERCONNECTOR
IVG-FLEX1,I_IVG-FLEX1,Citadel FlexPower GmbH,I,1400.0,INTERCONNECTOR
IVG-GRDC1,I_IVG-GRDC1,Grid Commodities ApS,I,1400.0,INTERCONNECTOR
IVG-GRMC1,I_IVG-GRMC1,A/S Global Risk Management Ltd,I,1000.0,INTERCONNECTOR
IVG-GRMT1,I_IVG-GRMT1,A/S Global Risk Management Ltd,I,300.0,INTERCONNECTOR
IVG-HART1,I_IVG-HART1,HAPPGCO,I,560.0,INTERCONNECTOR
IVG-HELI1,I_IVG-HELI1,Helios Power Trading A/S,I,1400.0,INTERCONNECTOR
IVG-HELI2,,,,,INTERCONNECTOR
IVG-IDCE1,I_IVG-IDCE1,DC Energy Trading V.O.F.,I,1000.0,INTERCONNECTOR
IVG-IDCT1,I_IVG-IDCT1,Inductive Energy A/S,I,1400.0,INTERCONNECTOR
IVG-IMPT1,I_IVG-IMPT1,Impact Energy Trading A/S,I,1400.0,INTERCONNECTOR
IVG-IMTC1,I_IVG-IMTC1,IMC Trading BV NL Denmark,I,1400.0,INTERCONNECTOR
IVG-INCM1,I_IVG-INCM1,IN COMMODITIES A/S,I,1400.0,INTERCONNECTOR
IVG-KVAS1,I_IVG-KVAS1,Kvasir Technologies,I,1000.0,INTERCONNECTOR
IVG-LYSE1,I_IVG-LYSE1,Lyse Produksjon AS,I,500.0,INTERCONNECTOR
IVG-MFTE1,I_IVG-MFTE1,MFT Energy A/S,I,1400.0,INTERCONNECTOR
IVG-NEAS1,I_IVG-NEAS1,Centrica Energy Trading A/S,I,1400.0,INTERCONNECTOR
IVG-NEHO1,I_IVG-NEHO1,Nordic Energy House ApS,I,1400.0,INTERCONNECTOR
IVG-NEXT1,I_IVG-NEXT1,Next Gen Energy ApS,I,1400.0,INTERCONNECTOR
IVG-NITR1,I_IVG-NITR1,Nitor Energy A/S,I,1000.0,INTERCONNECTOR
IVG-NORL1,I_IVG-NORL1,Norlys Energy Trading A/S,I,1400.0,INTERCONNECTOR
IVG-NTPL1,I_IVG-NTPL1,Northpool BV,I,1400.0,INTERCONNECTOR
IVG-OPMX1,I_IVG-OPMX1,Optimax Energy GmbH,I,1000.0,INTERCONNECTOR
IVG-OUTL1,I_IVG-OUTL1,Outlook Energy Ltd,I,2800.0,INTERCONNECTOR
IVG-PWMR1,I_IVG-PWMR1,PowerMart ApS,I,1000.0,INTERCONNECTOR
IVG-QTPT1,I_IVG-QTPT1,Quantum Power Trading,I,1000.0,INTERCONNECTOR
IVG-QUEN1,I_IVG-QUEN1,QUENT ApS,I,50.0,INTERCONNECTOR
IVG-RESP1,I_IVG-RESP1,RESPECT ENERGY S.A.,I,700.0,INTERCONNECTOR
IVG-RWES1,I_IVG-RWES1,RWE Supply and Trading GmbH,I,1400.0,INTERCONNECTOR
IVG-SCAL1,I_IVG-SCAL1,Scalar Energy OU,I,1000.0,INTERCONNECTOR
IVG-SECF1,I_IVG-SECF1,Second Foundation Trading AG,I,200.0,INTERCONNECTOR
IVG-SEFE1,I_IVG-SEFE1,SEFE Marketing & Trading LTD,I,1400.0,INTERCONNECTOR
IVG-SSEG1,I_IVG-SSEG1,SSE Energy Supply Limited,I,1400.0,INTERCONNECTOR
IVG-STAT1,I_IVG-STAT1,Statkraft Markets Gmbh,I,1400.0,INTERCONNECTOR
IVG-STGS1,I_IVG-STGS1,STG Switzerland GmbH,I,1400.0,INTERCONNECTOR
IVG-STGS2,,,,,INTERCONNECTOR
IVG-TGPL1,I_IVG-TGPL1,TotalEnergies Gas & Power Ltd,I,1480.0,INTERCONNECTOR
IVG-TILD1,I_IVG-TILD1,Tilde Energy Trading A/S,I,1000.0,INTERCONNECTOR
IVG-TRAS1,I_IVG-TRAS1,Trasteel Nordic ApS,I,1000.0,INTERCONNECTOR
IVG-TRLS1,I_IVG-TRLS1,Engelhart CTP Renewables GmbH,I,1300.0,INTERCONNECTOR
IVG-VISC1,I_IVG-VISC1,Vis Commodities ApS,I,1000.0,INTERCONNECTOR
IVG-VKL1,,,,,OTHER
IVG-VOLT1,I_IVG-VOLT1,Volta Energy DAC,I,500.0,INTERCONNECTOR
IVG-VSAL1,I_IVG-VSAL1,VITOL SA,I,1400.0,INTERCONNECTOR
IVG-VTFS1,I_IVG-VTFS1,Vattenfall Energy Trading,I,1400.0,INTERCONNECTOR
IVG-WOLF1,I_IVG-WOLF1,Wolfram Trading ApS,I,800.0,INTERCONNECTOR
JAMBB-1,E_JAMBB-1,Tesla Motors Limited,E,30.0,BATTERIES
JAMBB-2,E_JAMBB-2,Tesla Motors Limited,E,19.0,BATTERIES
JGPR-1,T_JGPR-1,JG Pears Power Ltd,T,13.0,BIOMASS
KEAD-1,T_KEAD-1,Keadby Generation Limited,T,764.0,CCGT
KEAD-2,T_KEAD-2,Keadby Generation Limited,T,890.0,CCGT
KEADGT-3,T_KEADGT-3,Keadby Generation Limited,T,30.0,OCGT
KEMB-1,T_KEMB-1,EDF Energy Customers Limited,T,40.137,BATTERIES
KENFW-1,,,,,WIND
KENNW-1,T_KENNW-1,Kennoxhead Wind Farm Limited,T,60.0,WIND
KEOOH-1,,,,,NPSHYD
KHLLW-1,E_KHLLW-1,Unify Energy Limited,E,18.8,WIND
KILBW-1,T_KILBW-1,Kilbraur Wind Energy Ltd,T,68.51,WIND
KILLPG-1,T_KILLPG-1,Uniper UK Limited,T,311.0,GAS
KILLPG-2,T_KILLPG-2,Uniper UK Limited,T,316.0,GAS
KILLSC-1,T_KILLSC-1,Uniper UK Limited,T,0.0,OTHER
KILLSC-2,T_KILLSC-2,Uniper UK Limited,T,0.0,OTHER
KILNS-1,,,,,CCGT
KILSB-1,T_KILSB-1,ZENOBE KILMARNOCK SOUTH LTD,T,52.952,BATTERIES
KILSB-2,T_KILSB-2,ZENOBE KILMARNOCK SOUTH LTD,T,51.894,BATTERIES
KILSB-3,T_KILSB-3,ZENOBE KILMARNOCK SOUTH LTD,T,53.734,BATTERIES
KILSB-4,T_KILSB-4,ZENOBE KILMARNOCK SOUTH LTD,T,51.904,BATTERIES
KILSB-5,T_KILSB-5,ZENOBE KILMARNOCK SOUTH LTD,T,50.856,BATTERIES
KILSB-6,T_KILSB-6,ZENOBE KILMARNOCK SOUTH LTD,T,51.226,BATTERIES
KILSD-1,T_KILSD-1,ZENOBE KILMARNOCK SOUTH LTD,T,0.395,OTHER
KILSD-2,T_KILSD-2,ZENOBE KILMARNOCK SOUTH LTD,T,0.36,OTHER
KILSD-3,T_KILSD-3,ZENOBE KILMARNOCK SOUTH LTD,T,0.363,OTHER
KILSD-4,T_KILSD-4,ZENOBE KILMARNOCK SOUTH LTD,T,0.328,OTHER
KINCS-1,E_KINCS-1,Kincraig Energy Centre Limited,E,20.6,SOLAR
KINCW-1,E_KINCW-1,Statkraft Markets Gmbh,E,49.6,WIND
KIOR-1,,,,,NPSHYD
KIOR-2,,,,,NPSHYD
KIWIE-2,,,,,BATTERIES
KLDMW-1,,,,,WIND
KLGLW-1,T_KLGLW-1,SP Renewables (UK) Limited,T,228.0,WIND
KLGLW-2,T_KLGLW-2,SP Renewables (UK) Limited,T,225.0,WIND
KLYN-A-1,E_KLYN-A-1,RWE Generation UK plc,E,392.0,CCGT
KNAPB-1,V__FCEND001,Centrica Business Solutions UK,V,0.0,BATTERIES
KNLCV-1,2__PMARB002,Marble Power Limited,S,0.0,NPSHYD
KPMRW-1,T_KPMRW-1,KYPE MUIR WIND FARM LIMITED,T,89.0,WIND
KTHLW-1,T_KTHLW-1,Statkraft Markets Gmbh,T,4.54,WIND
KTHRS-1,T_KTHRS-1,Statkraft Markets Gmbh,T,0.0,CCGT
KTHRS-2,T_KTHRS-2,Statkraft Markets Gmbh,T,0.0,CCGT
KYPEW-1,T_KYPEW-1,Kype Extension Wind Farm Ltd,T,67.0,WIND
LAGA-1,T_LAGA-1,EP UK INVESTMENTS LIMITED,T,905.0,CCGT
LAIG-1,,,,,NPSHYD
LARKB-1,T_LARKB-1,EDF Energy Customers Limited,T,52.0,BATTERIES
LARKS-1,T_LARKS-1,Iron Acton Green Limited,T,49.9,SOLAR
LARYO-1,T_LARYW-1,London Array Limited,T,171.0,WIND
LARYO-2,T_LARYW-2,London Array Limited,T,171.0,WIND
LARYO-3,T_LARYW-3,London Array Limited,T,171.0,WIND
LARYO-4,T_LARYW-4,London Array Limited,T,191.099,WIND
LARYW-2,,,,,WIND
LARYW-3,,,,,WIND
LARYW-4,,,,,WIND
LBAR-1,T_LBAR-1,RWE Generation UK plc,T,750.0,CCGT
LBAR-1G,T_LBAR-1G,RWE Generation UK plc,T,25.0,OCGT
LCHWT-1,E_LCHWT-1,Conrad Energy (Trading) Ltd,E,15.0,GAS
LCKLB-1,2__LRWED001,ENGIE Power Limited,S,15.3,BATTERIES
LCLTW-1,T_LCLTW-1,Eneco Energy Trade,T,69.0,WIND
LCSMH-1,2__PMARB001,Marble Power Limited,S,80.0,NPSHYD
LEGCB-1,,,,,BATTERIES
LEVNG-1,V__NFORS002,Forsa Trading Limited,V,20.0,GAS
LFSE01,2__LFSEN200,F & S Energy Ltd,S,3.041,BATTERIES
LGPKW-1,,,,,WIND
LIMKW-1,T_LIMKW-1,Limekiln Extension Ltd,T,106.0,WIND
LIONB-1,T_LIONB-1,Sembcorp (Wilton BESS) Ltd,T,50.0,BATTERIES
LIONB-2,T_LIONB-2,Sembcorp (Wilton BESS) Ltd,T,50.0,BATTERIES
LIONB-3,T_LIONB-3,Sembcorp (Wilton BESS) Ltd,T,50.0,BATTERIES
LIOND-1,,,,,OTHER
LITRB-1,E_LITRB-1,Tesla Motors Limited,E,50.0,BATTERIES
LITT1G,,,,,OCGT
LITT2G,,,,,OCGT
LITT3G,,,,,OCGT
LITTD1,,,,,DIESEL
LITTD2,,,,,DIESEL
LITTD3,,,,,DIESEL
LIVI-1,,,,,NPSHYD
LKSDB-1,T_LKSDB-1,Lakeside Energy Storage Ltd,T,105.0,BATTERIES
LLWSD-1,T_LLWSD-1,Npower Commercial Gas Limited,T,0.0,OTHER
LNCSO-1,T_LNCSW-1,Lincs Wind Farm Ltd,T,150.0,WIND
LNCSO-2,T_LNCSW-2,Lincs Wind Farm Ltd,T,150.0,WIND
LNMTH-1,E_LYNE1,EP UK INVESTMENTS LIMITED,E,140.0,COAL
LNMTH-2,E_LYNE2,EP UK INVESTMENTS LIMITED,E,140.0,COAL
LNMTH-3,E_LYNE3,EP UK INVESTMENTS LIMITED,E,140.0,COAL
LOAN-1,,,,,COAL
LOAN-2,,,,,COAL
LOAN-3,,,,,COAL
LOAN-4,,,,,COAL
LOAND-1,,,,,OTHER
LOAND-2,,,,,OTHER
LOCG-1,,,,,NPSHYD
LOCH-1,,,,,NPSHYD
LOCH-2,,,,,NPSHYD
LON-ATL01,2__CIMPO000,SSE Energy Supply Limited,G,0.0,OTHER
LON-AXPO1,2__CAXPO000,AXPO UK LIMITED,G,0.0,OTHER
LON-BET01,,,,,OTHER
LON-BGS01,2__CBGAS000,British Gas Trading Ltd,G,0.438,OTHER
LON-BIZ01,2__CBIZZ000,British Gas Trading Ltd,G,0.0,OTHER
LON-EDF01,2__CEDFE000,EDF Energy Customers Limited,G,0.0,OTHER
LON-EDR01,2__CEDIR000,British Gas Trading Ltd,G,0.0,OTHER
LON-ENR01,2__CENRD000,British Gas Trading Ltd,G,0.0,OTHER
LON-EON01,2__CEOND000,E.ON Next Energy Ltd,G,2.0,OTHER
LON-GDF01,2__CRWED000,ENGIE Power Limited,G,4.0,OTHER
LON-HPW01,2__CHPOW000,Drax Energy Solutions Limited,G,0.0,OTHER
LON-HVN01,2__CHAVE000,Drax Energy Solutions Limited,G,0.0,OTHER
LON-LON01,2__CLOND000,EDF Energy Customers Limited,G,0.0,OTHER
LON-MID01,2__CMIDE000,Npower Limited,G,0.0,OTHER
LON-MNW01,2__CMANW000,ScottishPower Energy Retail,G,0.0,OTHER
LON-MSG01,,,,,OTHER
LON-NPE01,2__CNATP000,Npower Commercial Gas Limited,G,10.0,OTHER
LON-OCT01,2__CMRCY000,Octopus Energy Limited,G,515.76,OTHER
LON-OGA01,2__COGAS000,British Gas Trading Ltd,G,0.0,OTHER
LON-PGE01,2__CEMEB000,E.ON Energy Solutions Limited,G,0.0,OTHER
LON-PGU01,2__CPGEN000,E.ON UK LTD,G,0.0,OTHER
LON-SEE01,2__CSEEB000,EDF Energy Customers Limited,G,0.0,OTHER
LON-SEL01,2__CSMAR000,Smartestenergy Limited,G,0.0,OTHER
LON-SPC01,2__CSPOW000,ScottishPower Energy Retail,G,0.0,OTHER
LON-SSE01,2__CHYDE000,OVO Electricity Ltd,G,0.0,OTHER
LON-STH01,2__CSOUT000,OVO Electricity Ltd,G,0.0,OTHER
LON-SWA01,2__CSWAE000,OVO Electricity Ltd,G,0.0,OTHER
LON-SWT01,2__CSWEB000,EDF Energy Customers Limited,G,0.0,OTHER
LON-TFE01,2__CTGPL000,TotalEnergies Gas & Power Ltd,G,8.0,OTHER
LRDSC-1,T_LRDSC-1,Statkraft Markets Gmbh,T,1.003,OTHER
LRDSC-2,T_LRDSC-2,Statkraft Markets Gmbh,T,0.792,OTHER
LSTWY-1,E_LSTWY-1,Conrad Energy (Trading) Ltd,E,12.72,GAS
LTCHW-1,,,,,WIND
LUBR-1,,,,,NPSHYD
LUIC-1,,,,,NPSHYD
LUIC-2,,,,,NPSHYD
LUICD-1,T_LUICD-1,SSE Generation Ltd,T,0.0,OTHER
LYNNW-1,,,,,WIND
MANNB-1,V__HFEEL002,EDF Energy Limited,V,70.0,BATTERIES
MANXENR-1,E_MANXENR-1,Smartestenergy Limited,E,63.74,OTHER
MARK-1,E_MARK-1,Edgware Energy Limited,E,86.139,OTHER
MARK-2,,,,,OTHER
MARMD-1,T_MARMD-1,EDF Energy Customers Limited,T,0.0,OTHER
MDHLW-1,2__PSTAT002,Statkraft Markets Gmbh,S,76.0,WIND
MDLWH-1,E_MDLWH-1,Conrad Energy (Trading) Ltd,E,20.0,GAS
MEADD-1,T_MEADD-1,ENGIE Power Limited,T,22.0,OTHER
MEDP-1,T_MEDP-1,Medway Power Ltd,T,750.0,CCGT
MELKB-1,V__HHABI008,Habitat Energy Limited,V,0.0,BATTERIES
MID-ATL01,2__EIMPO000,SSE Energy Supply Limited,G,0.0,OTHER
MID-AXPO1,2__EAXPO000,AXPO UK LIMITED,G,35.0,OTHER
MID-BET01,,,,,OTHER
MID-BGS01,2__EBGAS000,British Gas Trading Ltd,G,3.157,OTHER
MID-BIZ01,2__EBIZZ000,British Gas Trading Ltd,G,0.0,OTHER
MID-EDF01,2__EEDFE000,EDF Energy Customers Limited,G,0.0,OTHER
MID-EDR01,2__EEDIR000,British Gas Trading Ltd,G,0.0,OTHER
MID-ENR01,2__EENRD000,British Gas Trading Ltd,G,0.0,OTHER
MID-EON01,2__EEOND000,E.ON Next Energy Ltd,G,2.0,OTHER
MID-GDF01,2__ERWED000,ENGIE Power Limited,G,8.0,OTHER
MID-HPW01,2__EHPOW000,Drax Energy Solutions Limited,G,19.6,OTHER
MID-HVN01,2__EHAVE000,Drax Energy Solutions Limited,G,0.0,OTHER
MID-LIM01,,,,,OTHER
MID-LON01,2__ELOND000,EDF Energy Customers Limited,G,0.0,OTHER
MID-MID01,2__EMIDE000,Npower Limited,G,0.0,OTHER
MID-MNW01,2__EMANW000,ScottishPower Energy Retail,G,0.0,OTHER
MID-MSG01,,,,,OTHER
MID-NPE01,2__ENATP000,Npower Commercial Gas Limited,G,2.0,OTHER
MID-OCT01,2__EMRCY000,Octopus Energy Limited,G,571.2,OTHER
MID-OGA01,2__EOGAS000,British Gas Trading Ltd,G,0.0,OTHER
MID-PGE01,2__EEMEB000,E.ON Energy Solutions Limited,G,0.0,OTHER
MID-PGU01,2__EPGEN000,E.ON UK LTD,G,0.0,OTHER
MID-SEE01,2__ESEEB000,EDF Energy Customers Limited,G,0.0,OTHER
MID-SEL01,2__ESMAR000,Smartestenergy Limited,G,0.0,OTHER
MID-SPC01,2__ESPOW000,ScottishPower Energy Retail,G,0.0,OTHER
MID-SSE01,2__EHYDE000,OVO Electricity Ltd,G,0.0,OTHER
MID-STH01,2__ESOUT000,OVO Electricity Ltd,G,0.0,OTHER
MID-SWA01,2__ESWAE000,OVO Electricity Ltd,G,0.0,OTHER
MID-SWT01,2__ESWEB000,EDF Energy Customers Limited,G,0.0,OTHER
MID-TFE01,2__ETGPL000,TotalEnergies Gas & Power Ltd,G,30.0,OTHER
MIDMW-1,T_MIDMW-1,MIDDLE MUIR WIND FARM LIMITED,T,51.0,WIND
MILWW-1,T_MILWW-1,Millennium Wind Energy Ltd,T,65.0,WIND
MINSW-1,E_MINSW-1,Mobius Renewables Gen. (GB),E,38.123,WIND
MKFRB-1,T_MKFRB-1,HD777FRY Ltd,T,57.0,BATTERIES
MKHLW-1,T_MKHLW-1,SP Renewables (UK) Limited,T,53.0,WIND
MLBRK-1,,,,,OCGT
MLRGW-1,,,,,WIND
MNFRB-1,T_MNFRB-1,SSE Battery Monk Fryston Ltd,T,80.0,BATTERIES
MNFRB-2,T_MNFRB-2,SSE Battery Monk Fryston Ltd,T,80.0,BATTERIES
MNFRB-3,T_MNFRB-3,SSE Battery Monk Fryston Ltd,T,80.0,BATTERIES
MNFRB-4,T_MNFRB-4,SSE Battery Monk Fryston Ltd,T,80.0,BATTERIES
MNW-ATL01,2__DIMPO000,SSE Energy Supply Limited,G,0.0,OTHER
MNW-AXPO1,2__DAXPO000,AXPO UK LIMITED,G,6.0,OTHER
MNW-BET01,,,,,OTHER
MNW-BGS01,2__DBGAS000,British Gas Trading Ltd,G,3.568,OTHER
MNW-BIZ01,2__DBIZZ000,British Gas Trading Ltd,G,0.0,OTHER
MNW-EDF01,2__DEDFE000,EDF Energy Customers Limited,G,0.0,OTHER
MNW-EDR01,2__DEDIR000,British Gas Trading Ltd,G,0.0,OTHER
MNW-ENR01,2__DENRD000,British Gas Trading Ltd,G,0.0,OTHER
MNW-EON01,2__DEOND000,E.ON Next Energy Ltd,G,40.0,OTHER
MNW-GDF01,2__DRWED000,ENGIE Power Limited,G,60.0,OTHER
MNW-HPW01,2__DHPOW000,Drax Energy Solutions Limited,G,0.12,OTHER
MNW-HVN01,2__DHAVE000,Drax Energy Solutions Limited,G,51.08,OTHER
MNW-LON01,2__DLOND000,EDF Energy Customers Limited,G,0.0,OTHER
MNW-MID01,2__DMIDE000,Npower Limited,G,0.0,OTHER
MNW-MNW01,2__DMANW000,ScottishPower Energy Retail,G,0.0,OTHER
MNW-MSG01,,,,,OTHER
MNW-NPE01,2__DNATP000,Npower Commercial Gas Limited,G,24.0,OTHER
MNW-OCT01,2__DMRCY000,Octopus Energy Limited,G,292.32,OTHER
MNW-OGA01,2__DOGAS000,British Gas Trading Ltd,G,0.0,OTHER
MNW-PGE01,2__DEMEB000,E.ON Energy Solutions Limited,G,0.0,OTHER
MNW-PGU01,2__DPGEN000,E.ON UK LTD,G,0.0,OTHER
MNW-PGU02,,,,,GAS
MNW-PGU03,,,,,GAS
MNW-SEE01,2__DSEEB000,EDF Energy Customers Limited,G,0.0,OTHER
MNW-SEL01,2__DSMAR000,Smartestenergy Limited,G,0.0,OTHER
MNW-SPC01,2__DSPOW000,ScottishPower Energy Retail,G,0.0,OTHER
MNW-SSE01,2__DHYDE000,OVO Electricity Ltd,G,0.0,OTHER
MNW-STH01,2__DSOUT000,OVO Electricity Ltd,G,0.0,OTHER
MNW-SWA01,2__DSWAE000,OVO Electricity Ltd,G,0.0,OTHER
MNW-SWT01,2__DSWEB000,EDF Energy Customers Limited,G,0.0,OTHER
MNW-TFE01,2__DTGPL000,TotalEnergies Gas & Power Ltd,G,10.0,OTHER
MORFL-1,E_MORFL-1,Conrad Energy (Trading) Ltd,E,20.0,GAS
MOSED-1,T_MOSED-1,Shell Energy UK Limited,T,0.0,OTHER
MOSS-1,,,,,NPSHYD
MOSS-2,,,,,NPSHYD
MOSWD-1,T_EXMOSSD-1,Orsted Power Sales (UK) Ltd,T,4.0,OTHER
MOWEO-1,T_MOWEO-1,Moray Offshore Wind East Ltd,T,300.0,WIND
MOWEO-2,T_MOWEO-2,Moray Offshore Wind East Ltd,T,300.0,WIND
MOWEO-3,T_MOWEO-3,Moray Offshore Wind East Ltd,T,300.0,WIND
MOWWO-1,T_MOWWO-1,Moray Offshore Wind West Ltd,T,215.0,WIND
MOWWO-2,T_MOWWO-2,Moray Offshore Wind West Ltd,T,215.0,WIND
MOWWO-3,T_MOWWO-3,Moray Offshore Wind West Ltd,T,143.0,WIND
MOWWO-4,T_MOWWO-4,Moray Offshore Wind West Ltd,T,287.0,WIND
MOYEW-1,E_MOYEW-1,Eneco Energy Trade,E,60.0,WIND
MRWD-1,T_MRWD-1,Marchwood Power Limited,T,920.0,CCGT
MYGPW-1,T_MYGPW-1,Minnygap Energy Limited,T,25.0,WIND
Moyle,,,,,INTERCONNECTOR
NANT-1,T_NANT-1,SSE Generation Ltd,T,20.0,NPSHYD
NEE-ATL01,2__FIMPO000,SSE Energy Supply Limited,G,0.0,OTHER
NEE-AXPO1,2__FAXPO000,AXPO UK LIMITED,G,23.0,OTHER
NEE-BET01,,,,,OTHER
NEE-BGS01,2__FBGAS000,British Gas Trading Ltd,G,2.227,OTHER
NEE-BIZ01,2__FBIZZ000,British Gas Trading Ltd,G,0.0,OTHER
NEE-DON01,2__FMAGN000,Orsted Power Sales (UK) Ltd,G,0.0,OTHER
NEE-EDF01,2__FEDFE000,EDF Energy Customers Limited,G,0.0,OTHER
NEE-EDR01,2__FEDIR000,British Gas Trading Ltd,G,0.0,OTHER
NEE-ENR01,2__FENRD000,British Gas Trading Ltd,G,4.0,OTHER
NEE-EON01,2__FEOND000,E.ON Next Energy Ltd,G,2.0,OTHER
NEE-GDF01,2__FRWED000,ENGIE Power Limited,G,38.0,OTHER
NEE-HPW01,2__FHPOW000,Drax Energy Solutions Limited,G,12.0,OTHER
NEE-HVN01,2__FHAVE000,Drax Energy Solutions Limited,G,34.98,OTHER
NEE-INE01,,,,,OTHER
NEE-LON01,2__FLOND000,EDF Energy Customers Limited,G,21.928,OTHER
NEE-MID01,2__FMIDE000,Npower Limited,G,0.0,OTHER
NEE-MNW01,2__FMANW000,ScottishPower Energy Retail,G,0.0,OTHER
NEE-MSG01,,,,,OTHER
NEE-NPE01,2__FNATP000,Npower Commercial Gas Limited,G,12.0,OTHER
NEE-OCT01,2__FMRCY000,Octopus Energy Limited,G,369.88,OTHER
NEE-OGA01,2__FOGAS000,British Gas Trading Ltd,G,0.0,OTHER
NEE-PGE01,2__FEMEB000,E.ON Energy Solutions Limited,G,0.0,OTHER
NEE-PGU01,2__FPGEN000,E.ON UK LTD,G,0.0,OTHER
NEE-SEE01,2__FSEEB000,EDF Energy Customers Limited,G,0.0,OTHER
NEE-SEL01,2__FSMAR000,Smartestenergy Limited,G,0.0,OTHER
NEE-SPC01,2__FSPOW000,ScottishPower Energy Retail,G,6.99,OTHER
NEE-SSE01,2__FHYDE000,OVO Electricity Ltd,G,0.0,OTHER
NEE-STH01,2__FSOUT000,OVO Electricity Ltd,G,0.0,OTHER
NEE-SWA01,2__FSWAE000,OVO Electricity Ltd,G,0.0,OTHER
NEE-SWT01,2__FSWEB000,EDF Energy Customers Limited,G,0.0,OTHER
NEE-TFE01,2__FTGPL000,TotalEnergies Gas & Power Ltd,G,10.0,OTHER
NEWPB-1,E_NEWPB-1,Field Newport Ltd,E,20.933,BATTERIES
NEWTB-1,E_NEWTB-1,EDF Energy Customers Limited,E,52.0,BATTERIES
NFSE01,,,,,BATTERIES
NHOYW-1,,,,,WIND
NLSSC-1,T_NLSSC-1,Flexitricity Limited,T,3.476,LOAD RESPONSE
NLSTB-1,T_NLSTB-1,Statkraft Markets Gmbh,T,50.0,BATTERIES
NNGAO-1,T_NNGAO-1,Neart Na Gaoithe Offshore Wind,T,224.0,WIND
NNGAO-2,T_NNGAO-2,Neart Na Gaoithe Offshore Wind,T,224.0,WIND
NNPW01,2__NNATP001,Npower Commercial Gas Limited,S,50.0,WIND
NOKYW-1,T_NOKYW-1,North Kyle Wind farm Ltd,T,106.0,WIND
NOKYW-2,T_NOKYW-2,North Kyle Wind farm Ltd,T,106.0,WIND
NORHW-1,,,,,WIND
NOVAW-1,,,,,WIND
NOVAW-2,,,,,WIND
NSC-ATL01,2__PIMPO000,SSE Energy Supply Limited,G,308.4,OTHER
NSC-AXPO1,2__PAXPO000,AXPO UK LIMITED,G,85.0,OTHER
NSC-BET01,,,,,OTHER
NSC-BGS01,2__PBGAS000,British Gas Trading Ltd,G,1.245,OTHER
NSC-BIZ01,2__PBIZZ000,British Gas Trading Ltd,G,2.0,OTHER
NSC-ECO01,2__PECON000,E.ON Energy Solutions Limited,G,0.0,OTHER
NSC-EDF01,2__PEDFE000,EDF Energy Customers Limited,G,4.0,OTHER
NSC-EDR01,2__PEDIR000,British Gas Trading Ltd,G,0.0,OTHER
NSC-ENR01,2__PENRD000,British Gas Trading Ltd,G,12.0,OTHER
NSC-EON01,2__PEOND000,E.ON Next Energy Ltd,G,14.0,OTHER
NSC-GDF01,2__PRWED000,ENGIE Power Limited,G,64.0,OTHER
NSC-HPW01,2__PHPOW000,Drax Energy Solutions Limited,G,9.46,OTHER
NSC-HVN01,2__PHAVE000,Drax Energy Solutions Limited,G,35.5,OTHER
NSC-LON01,2__PLOND000,EDF Energy Customers Limited,G,21.572,OTHER
NSC-MID01,2__PMIDE000,Npower Limited,G,0.0,OTHER
NSC-MNW01,2__PMANW000,ScottishPower Energy Retail,G,0.0,OTHER
NSC-MSG01,,,,,OTHER
NSC-NPE01,2__PNATP000,Npower Commercial Gas Limited,G,56.0,OTHER
NSC-OCT01,2__PMRCY000,Octopus Energy Limited,G,164.92,OTHER
NSC-OGA01,2__POGAS000,British Gas Trading Ltd,G,0.0,OTHER
NSC-PGE01,2__PEMEB000,E.ON Energy Solutions Limited,G,0.0,OTHER
NSC-PGU01,2__PPGEN000,E.ON UK LTD,G,0.0,OTHER
NSC-SEE01,2__PSEEB000,EDF Energy Customers Limited,G,0.0,OTHER
NSC-SEL01,2__PSMAR000,Smartestenergy Limited,G,0.0,OTHER
NSC-SPC01,2__PSPOW000,ScottishPower Energy Retail,G,42.994,OTHER
NSC-SSE01,2__PHYDE000,OVO Electricity Ltd,G,0.0,OTHER
NSC-STH01,2__PSOUT000,OVO Electricity Ltd,G,0.0,OTHER
NSC-SWA01,2__PSWAE000,OVO Electricity Ltd,G,0.0,OTHER
NSC-SWT01,2__PSWEB000,EDF Energy Customers Limited,G,0.0,OTHER
NSQYT-1,,,,,OTHER
NTAWB-1,E_NTAWB-1,EDF Energy Customers Limited,E,32.0,BATTERIES
NTRVB-1,T_NTRVB-1,Arenko Cleantech Limited,T,57.0,BATTERIES
NURSB-1,T_NURSB-1,EDF Energy Customers Limited,T,48.0,BATTERIES
NWP-ATL01,2__GIMPO000,SSE Energy Supply Limited,G,0.0,OTHER
NWP-AXPO1,2__GAXPO000,AXPO UK LIMITED,G,0.5,OTHER
NWP-BET01,,,,,OTHER
NWP-BGS01,2__GBGAS000,British Gas Trading Ltd,G,2.016,OTHER
NWP-BIZ01,2__GBIZZ000,British Gas Trading Ltd,G,4.0,OTHER
NWP-EDF01,2__GEDFE000,EDF Energy Customers Limited,G,6.127,OTHER
NWP-EDR01,2__GEDIR000,British Gas Trading Ltd,G,0.0,OTHER
NWP-ENR01,2__GENRD000,British Gas Trading Ltd,G,0.0,OTHER
NWP-EON01,2__GEOND000,E.ON Next Energy Ltd,G,2.0,OTHER
NWP-GDF01,2__GRWED000,ENGIE Power Limited,G,16.0,OTHER
NWP-HPW01,2__GHPOW000,Drax Energy Solutions Limited,G,21.5,OTHER
NWP-HVN01,2__GHAVE000,Drax Energy Solutions Limited,G,61.36,OTHER
NWP-LON01,2__GLOND000,EDF Energy Customers Limited,G,0.0,OTHER
NWP-MID01,2__GMIDE000,Npower Limited,G,0.0,OTHER
NWP-MNW01,2__GMANW000,ScottishPower Energy Retail,G,0.0,OTHER
NWP-MSG01,,,,,OTHER
NWP-NPE01,2__GNATP000,Npower Commercial Gas Limited,G,36.0,OTHER
NWP-OCT01,2__GMRCY000,Octopus Energy Limited,G,574.84,OTHER
NWP-OGA01,2__GOGAS000,British Gas Trading Ltd,G,0.0,OTHER
NWP-PGE01,2__GEMEB000,E.ON Energy Solutions Limited,G,0.0,OTHER
NWP-PGU01,2__GPGEN000,E.ON UK LTD,G,0.0,OTHER
NWP-SEE01,2__GSEEB000,EDF Energy Customers Limited,G,0.0,OTHER
NWP-SEL01,2__GSMAR000,Smartestenergy Limited,G,0.0,OTHER
NWP-SPC01,2__GSPOW000,ScottishPower Energy Retail,G,0.0,OTHER
NWP-SSE01,2__GHYDE000,OVO Electricity Ltd,G,0.0,OTHER
NWP-STH01,2__GSOUT000,OVO Electricity Ltd,G,0.0,OTHER
NWP-SWA01,2__GSWAE000,OVO Electricity Ltd,G,0.0,OTHER
NWP-SWT01,2__GSWEB000,EDF Energy Customers Limited,G,0.0,OTHER
NWP-TFE01,2__GTGPL000,TotalEnergies Gas & Power Ltd,G,84.0,OTHER
OCHLB-1,T_OCHLB-1,HD143OCK Ltd,T,58.0,BATTERIES
OLDHB-1,E_OLDHB-1,Field Oldham Ltd,E,20.0,BATTERIES
OMNDO-1,T_OMNDW-1,Ormonde Energy Ltd,T,150.76,WIND
ORRI-1,,,,,NPSHYD
OVRHB-1,E_OVRHB-1,Flexitricity Limited,E,49.0,BATTERIES
PARHD-1,T_PARHD-1,EDF Energy Customers Limited,T,0.0,OTHER
PAUHW-1,2__PENEC002,Eneco Energy Trade,S,70.167,WIND
PEHE-1,T_PEHE-1,SSE Thermal Generation,T,1200.0,GAS
PEHE-2,T_PEHE-2,SSE Thermal Generation,T,0.0,DIESEL
PEHED-1,T_PEHED-1,SSE Thermal Generation,T,0.0,OTHER
PEMB-11,T_PEMB-11,RWE Generation UK plc,T,475.0,CCGT
PEMB-21,T_PEMB-21,RWE Generation UK plc,T,475.0,CCGT
PEMB-31,T_PEMB-31,RWE Generation UK plc,T,475.0,CCGT
PEMB-41,T_PEMB-41,RWE Generation UK plc,T,475.0,CCGT
PEMB-51,T_PEMB-51,RWE Generation UK plc,T,475.0,CCGT
PETDG-1,,,,,OTHER
PETEM1,E_PETEM1,River Nene Power Limited,E,245.0,CCGT
PETEM3,E_PETEM3,River Nene Power Limited,E,49.227,GAS
PGBIW-1,T_PGBIW-1,EDF Energy Customers Limited,T,10.0,WIND
PGBRK-1,E_PGBRKL,Peak Gen Top Co Limited,E,20.0,DIESEL
PGBRY-1,E_PGBARY,Peak Gen Top Co Limited,E,20.318,DIESEL
PGCOV-1,E_PGCOVE,Peak Gen Top Co Limited,E,6.0,DIESEL
PGDID-1,E_PGDIDC,Peak Gen Top Co Limited,E,6.0,DIESEL
PGEXT-1,E_PGEXTR,Peak Gen Top Co Limited,E,20.439,DIESEL
PGFAR-1,E_PGFARE,Peak Gen Top Co Limited,E,20.0,DIESEL
PGHAT-1,E_PGHATF,Peak Gen Top Co Limited,E,6.0,DIESEL
PGHAY-1,E_PGHAYD,Peak Gen Top Co Limited,E,6.398,DIESEL
PGHVT-1,E_PGHVNT,Peak Gen Top Co Limited,E,20.0,DIESEL
PGLAN-1,E_PGLLAN,Peak Gen Top Co Limited,E,20.525,DIESEL
PGPET-1,E_PGPETE,Peak Gen Top Co Limited,E,20.0,BIOMASS
PGSOU-1,E_PGSOUT,Peak Gen Top Co Limited,E,24.0,DIESEL
PIBUW-1,E_PIBUW-1,Npower Commercial Gas Limited,E,36.0,WIND
PILLB-1,E_PILLB-1,BP Gas Marketing Limited,E,49.9,BATTERIES
PILLB-2,E_PILLB-2,BP Gas Marketing Limited,E,49.9,BATTERIES
PINFB-1,T_PINFB-1,Zenobe Capenhurst Limited,T,27.08,BATTERIES
PINFB-2,T_PINFB-2,Zenobe Capenhurst Limited,T,26.0,BATTERIES
PINFB-3,T_PINFB-3,Zenobe Capenhurst Limited,T,26.0,BATTERIES
PINFB-4,T_PINFB-4,Zenobe Capenhurst Limited,T,26.0,BATTERIES
PINFD-5,T_PINFD-5,Zenobe Capenhurst Limited,T,0.0,OTHER
PINFD-6,T_PINFD-6,Zenobe Capenhurst Limited,T,0.0,OTHER
PITL-1,,,,,NPSHYD
PITL-2,,,,,NPSHYD
PLHM-1,,,,,OTHER
PLOEW-1,T_PLOEW-1,PENCLOE WIND ENERGY LIMITED,T,81.0,WIND
PLYRK-1,E_PLYRK-1,Conrad Energy (Trading) Ltd,E,15.0,GAS
PMBSC-61,T_PEMBSC-61,RWE Generation UK plc,T,0.0,OTHER
PNYCW-1,T_PNYCW-1,Pen y Cymoedd Wind Farm LTD,T,228.0,WIND
POOBD-1,T_POOBD-1,EDF Energy Customers Limited,T,5.5,OTHER
PORGD-1,T_PORGD-1,EDF Energy Customers Limited,T,0.0,OTHER
POTES-1,E_POTES-1,Arenko Cleantech Limited,E,35.0,BATTERIES
PROG-1,,,,,OCGT
PRSTW-1,,,,,WIND
PTLDW-1,,,,,WIND
QUOI-1,,,,,NPSHYD
RAKE-1,E_RAKE-1,Conrad Energy (Trading) Ltd,E,20.0,GAS
RANN-1,,,,,NPSHYD
RANN-2,,,,,NPSHYD
RANN-3,,,,,NPSHYD
RASSP-1,E_RASSP-1,Flexitricity Limited,E,49.0,OTHER
RATS-1,T_RATS-1,Uniper UK Limited,T,0.0,COAL
RATS-2,T_RATS-2,Uniper UK Limited,T,0.0,COAL
RATS-3,T_RATS-3,Uniper UK Limited,T,0.0,COAL
RATS-4,T_RATS-4,Uniper UK Limited,T,0.0,COAL
RATSGT-2,T_RATSGT-2,Uniper UK Limited,T,0.0,OCGT
RATSGT-4,T_RATSGT-4,Uniper UK Limited,T,0.0,OCGT
RAVED-1,T_RAVED-1,Marble Power Limited,T,13.85,OTHER
RCBKO-1,T_RCBKO-1,Race Bank Wind Farm Ltd,T,284.0,WIND
RCBKO-2,T_RCBKO-2,Race Bank Wind Farm Ltd,T,290.0,WIND
RCKFB-1,V__EFEEL400,EDF Energy Limited,V,50.0,BATTERIES
RDFRB-1,E_RDFRB-1,Conrad Energy (Trading) Ltd,E,20.0,GAS
RDFRD-1,E_RDFRD-1,Conrad Energy (Trading) Ltd,E,20.5,GAS
RDSCR-1,E_RDSCR-1,Conrad Energy (Trading) Ltd,E,40.0,GAS
REDGT-1,,,,,OCGT
RHAMD-1,T__MYELT001,Npower Commercial Gas Limited,T,0.0,OTHER
RHEI-4,E_RHEI-1,Statkraft Markets Gmbh,E,50.0,NPSHYD
RHYFW-1,,,,,WIND
RICHB-1,T_RICHB-1,Limejump Energy Limited,T,49.9,BATTERIES
RICHB-2,T_RICHB-2,Limejump Energy Limited,T,49.9,BATTERIES
RIVEN-1,,,,,OTHER
RMPNO-1,T_RMPNO-1,Rampion Offshore Windfarm Ltd,T,200.1,WIND
RMPNO-2,T_RMPNO-2,Rampion Offshore Windfarm Ltd,T,200.1,WIND
ROARB-1,E_ROARB-1,Tesla Motors Limited,E,50.0,BATTERIES
ROCK-1,T_ROCK-1,Rocksavage Power Company Ltd,T,810.0,CCGT
ROOSB-1,E_ROOSB-1,CBS ENERGY STORAGE ASSETS LTD,E,49.0,BATTERIES
ROTHW-1,2__PENEC001,Eneco Energy Trade,S,54.501,WIND
RREW-1,T_RREW-1,RWE Renewables UK Robin Rigg,T,114.293,WIND
RRWW-1,T_RRWW-1,RWE Renewables UK Robin Rigg,T,90.838,WIND
RSCRB-1,2__FRWED001,ENGIE Power Limited,S,2.0,BATTERIES
RSHLW-1,2__PEDGE004,Edgware Energy Limited,S,27.376,WIND
RTHSC-1,T_RTHSC-1,Flexitricity Limited,T,2.095,LOAD RESPONSE
RYHPS-1,T_RYHPS-1,VPI Power Limited,T,720.98,CCGT
SACOD-1,T_SACOD-1,EDF Energy Customers Limited,T,0.0,OTHER
SAKNW-1,T_SAKNW-1,Sandy Knowe Wind Farm Ltd,T,87.0,WIND
SANDW-1,,,,,WIND
SANQW-1,T_SANQW-1,SANQUHAR CWCL,T,32.08,WIND
SANQW-2,,,,,WIND
SANQW-3,,,,,WIND
SCCL-1,T_SCCL-1,SCCL,T,408.2,CCGT
SCCL-2,T_SCCL-2,SCCL,T,409.1,CCGT
SCCL-3,T_SCCL-3,SCCL,T,409.3,CCGT
SCCLD-1,T_SCCL-4,SCCL,T,0.0,OTHER
SCMRW-1,,,,,WIND
SEAB-1,T_SEAB-1,Seabank Power Limited,T,830.0,CCGT
SEAB-2,T_SEAB-2,Seabank Power Limited,T,406.0,CCGT
SEE-ATL01,2__JIMPO000,SSE Energy Supply Limited,G,0.0,OTHER
SEE-AXPO1,2__JAXPO000,AXPO UK LIMITED,G,8.0,OTHER
SEE-BET01,,,,,OTHER
SEE-BGS01,2__JBGAS000,British Gas Trading Ltd,G,3.311,OTHER
SEE-BIZ01,2__JBIZZ000,British Gas Trading Ltd,G,0.0,OTHER
SEE-EAS01,2__JEELC000,E.ON Energy Solutions Limited,G,0.0,OTHER
SEE-EDF01,2__JEDFE000,EDF Energy Customers Limited,G,0.0,OTHER
SEE-EDR01,2__JEDIR000,British Gas Trading Ltd,G,0.0,OTHER
SEE-ENR01,2__JENRD000,British Gas Trading Ltd,G,20.0,OTHER
SEE-EON01,2__JEOND000,E.ON Next Energy Ltd,G,2.0,OTHER
SEE-GDF01,2__JRWED000,ENGIE Power Limited,G,20.0,OTHER
SEE-HPW01,2__JHPOW000,Drax Energy Solutions Limited,G,0.0,OTHER
SEE-HVN01,2__JHAVE000,Drax Energy Solutions Limited,G,8.4,OTHER
SEE-LON01,2__JLOND000,EDF Energy Customers Limited,G,0.0,OTHER
SEE-MID01,2__JMIDE000,Npower Limited,G,0.0,OTHER
SEE-MNW01,2__JMANW000,ScottishPower Energy Retail,G,0.0,OTHER
SEE-MSG01,,,,,OTHER
SEE-NPE01,2__JNATP000,Npower Commercial Gas Limited,G,66.0,OTHER
SEE-OCT01,2__JMRCY000,Octopus Energy Limited,G,660.52,OTHER
SEE-OGA01,2__JOGAS000,British Gas Trading Ltd,G,0.0,OTHER
SEE-PGE01,2__JEMEB000,E.ON Energy Solutions Limited,G,0.0,OTHER
SEE-PGU01,2__JPGEN000,E.ON UK LTD,G,0.0,OTHER
SEE-SEE01,2__JSEEB000,EDF Energy Customers Limited,G,0.0,OTHER
SEE-SEL01,2__JSMAR000,Smartestenergy Limited,G,0.0,OTHER
SEE-SPC01,2__JSPOW000,ScottishPower Energy Retail,G,0.0,OTHER
SEE-SSE01,2__JHYDE000,OVO Electricity Ltd,G,0.0,OTHER
SEE-STH01,2__JSOUT000,OVO Electricity Ltd,G,0.0,OTHER
SEE-SWA01,2__JSWAE000,OVO Electricity Ltd,G,0.0,OTHER
SEE-SWT01,2__JSWEB000,EDF Energy Customers Limited,G,0.0,OTHER
SEE-TFE01,2__JTGPL000,TotalEnergies Gas & Power Ltd,G,56.0,OTHER
SEE-VTF01,2__JVETS000,Vattenfall Energy Trading,G,148.0,OTHER
SEEL-1,T_SEEL-1,Spalding Energy Expansion Ltd,T,300.0,OCGT
SEVIU-1,E_SEVINGTN,UK Power Reserve Limited,E,10.3,GAS
SFERD-1,T_STFERGD-1,SSE Energy Supply Limited,T,0.0,OTHER
SFGSD-1,T_SFGSD-1,ENGIE Power Limited,T,0.0,OTHER
SFGSD-2,T_SFGSD-2,ENGIE Power Limited,T,0.0,OTHER
SFIL-1,,,,,NPSHYD
SFILD-1,T_SFILD-1,SSE Generation Ltd,T,0.0,OTHER
SGRWO-1,T_SGRWO-1,Seagreen Wind Energy Limited,T,358.0,WIND
SGRWO-2,T_SGRWO-2,Seagreen Wind Energy Limited,T,220.0,WIND
SGRWO-3,T_SGRWO-3,Seagreen Wind Energy Limited,T,374.618,WIND
SGRWO-4,T_SGRWO-4,Seagreen Wind Energy Limited,T,140.0,WIND
SGRWO-5,T_SGRWO-5,Seagreen Wind Energy Limited,T,300.0,WIND
SGRWO-6,T_SGRWO-6,Seagreen Wind Energy Limited,T,380.0,WIND
SHBA-1,T_SHBA-1,EP UK INVESTMENTS LIMITED,T,821.4,CCGT
SHBA-2,T_SHBA-2,EP UK INVESTMENTS LIMITED,T,580.0,CCGT
SHESD-1,,,,,OTHER
SHILB-1,E_SHILB-1,Octopus Energy Trading Limited,E,40.0,BATTERIES
SHIN-1,,,,,NPSHYD
SHIN-2,,,,,NPSHYD
SHOPD-1,,,,,OTHER
SHOS-1,E_SHOS-1,VPI Power Limited,E,460.0,CCGT
SHRSO-1,T_SHRSW-1,Scira Offshore Energy Limited,T,158.4,WIND
SHRSO-2,T_SHRSW-2,Scira Offshore Energy Limited,T,158.4,WIND
SIMEC-1,,,,,BIOMASS
SIZB-1,T_SIZB-1,EDF Energy Nuclear Generation,T,656.92,NUCLEAR
SIZB-2,T_SIZB-2,EDF Energy Nuclear Generation,T,630.0,NUCLEAR
SKELB-1,E_SKELB-1,Tesla Motors Limited,E,49.9,BATTERIES
SLOY-1,M_SLOY-1,SSE Generation Ltd,T,50.0,NPSHYD
SLOY-2,T_SLOY-2,SSE Generation Ltd,T,41.0,NPSHYD
SLOY-3,T_SLOY-3,SSE Generation Ltd,T,41.46,NPSHYD
SLOY-4,M_SLOY-4,SSE Generation Ltd,T,40.0,NPSHYD
SLOYD-1,T_SLOYD-1,SSE Generation Ltd,T,0.0,OTHER
SOAYS-1,,,,,SOLAR
SOFOW-11,,,,,WIND
SOFOW-12,,,,,WIND
SOFOW-21,,,,,WIND
SOFOW-22,,,,,WIND
SOFWO-11,T_SOFOW-11,Sofia Offshore Wind Farm Ltd,T,457.0,WIND
SOFWO-12,T_SOFOW-12,Sofia Offshore Wind Farm Ltd,T,457.0,WIND
SOFWO-21,T_SOFOW-21,Sofia Offshore Wind Farm Ltd,T,457.0,WIND
SOFWO-22,T_SOFOW-22,Sofia Offshore Wind Farm Ltd,T,457.0,WIND
SOKYW-1,T_SOKYW-1,South Kyle Wind Farm Limited,T,426.916,WIND
SOLUU-1,E_SOLUTIA,UK Power Reserve Limited,E,15.8,GAS
SPEY-1,,,,,OTHER
SPLN-1,T_SPLN-1,Spalding Energy Company Ltd,T,950.0,CCGT
SROM-1,,,,,NPSHYD
SSC-ATL01,2__NIMPO000,SSE Energy Supply Limited,G,81.0,OTHER
SSC-AXPO1,2__NAXPO000,AXPO UK LIMITED,G,90.0,OTHER
SSC-BET01,,,,,OTHER
SSC-BGS01,2__NBGAS000,British Gas Trading Ltd,G,1.663,OTHER
SSC-BIZ01,2__NBIZZ000,British Gas Trading Ltd,G,4.0,OTHER
SSC-ECO01,2__NECON000,E.ON Energy Solutions Limited,G,0.0,OTHER
SSC-EDF01,2__NEDFE000,EDF Energy Customers Limited,G,0.0,OTHER
SSC-EDR01,2__NEDIR000,British Gas Trading Ltd,G,0.0,OTHER
SSC-ENR01,2__NENRD000,British Gas Trading Ltd,G,72.0,OTHER
SSC-EON01,2__NEOND000,E.ON Next Energy Ltd,G,2.0,OTHER
SSC-GDF01,2__NRWED000,ENGIE Power Limited,G,230.0,OTHER
SSC-HPW01,2__NHPOW000,Drax Energy Solutions Limited,G,52.0,OTHER
SSC-HVN01,2__NHAVE000,Drax Energy Solutions Limited,G,113.1,OTHER
SSC-LON01,2__NLOND000,EDF Energy Customers Limited,G,38.472,OTHER
SSC-MID01,2__NMIDE000,Npower Limited,G,0.0,OTHER
SSC-MNW01,2__NMANW000,ScottishPower Energy Retail,G,0.0,OTHER
SSC-MSG01,,,,,OTHER
SSC-NPE01,2__NNATP000,Npower Commercial Gas Limited,G,114.0,OTHER
SSC-OCT01,2__NMRCY000,Octopus Energy Limited,G,348.6,OTHER
SSC-OGA01,2__NOGAS000,British Gas Trading Ltd,G,0.0,OTHER
SSC-PGE01,2__NEMEB000,E.ON Energy Solutions Limited,G,0.0,OTHER
SSC-PGU01,2__NPGEN000,E.ON UK LTD,G,0.0,OTHER
SSC-SEE01,2__NSEEB000,EDF Energy Customers Limited,G,0.0,OTHER
SSC-SEL01,2__NSMAR000,Smartestenergy Limited,G,0.0,OTHER
SSC-SPC01,2__NSPOW000,ScottishPower Energy Retail,G,52.0,OTHER
SSC-SSE01,2__NHYDE000,OVO Electricity Ltd,G,0.0,OTHER
SSC-STH01,2__NSOUT000,OVO Electricity Ltd,G,0.0,OTHER
SSC-SWA01,2__NSWAE000,OVO Electricity Ltd,G,0.0,OTHER
SSC-SWT01,2__NSWEB000,EDF Energy Customers Limited,G,0.0,OTHER
STALB-1,E_STALB-1,KXP Immingham Ltd,E,80.844,BATTERIES
STAY-1,T_STAY-1,RWE Generation UK plc,T,464.0,CCGT
STAY-2,T_STAY-2,RWE Generation UK plc,T,464.0,CCGT
STAY-3,T_STAY-3,RWE Generation UK plc,T,1058.6,CCGT
STAY-4,T_STAY-4,RWE Generation UK plc,T,464.0,CCGT
STCR-1,,,,,OTHER
STH-ATL01,2__HIMPO000,SSE Energy Supply Limited,G,0.0,OTHER
STH-AXPO1,2__HAXPO000,AXPO UK LIMITED,G,75.0,OTHER
STH-BET01,,,,,OTHER
STH-BGS01,2__HBGAS000,British Gas Trading Ltd,G,4.951,OTHER
STH-BIZ01,2__HBIZZ000,British Gas Trading Ltd,G,0.0,OTHER
STH-EDF01,2__HEDFE000,EDF Energy Customers Limited,G,0.0,OTHER
STH-EDR01,2__HEDIR000,British Gas Trading Ltd,G,0.0,OTHER
STH-ENR01,2__HENRD000,British Gas Trading Ltd,G,8.0,OTHER
STH-EON01,2__HEOND000,E.ON Next Energy Ltd,G,2.0,OTHER
STH-GDF01,2__HRWED000,ENGIE Power Limited,G,42.0,OTHER
STH-HPW01,2__HHPOW000,Drax Energy Solutions Limited,G,38.0,OTHER
STH-HVN01,2__HHAVE000,Drax Energy Solutions Limited,G,61.12,OTHER
STH-LON01,2__HLOND000,EDF Energy Customers Limited,G,0.0,OTHER
STH-MID01,2__HMIDE000,Npower Limited,G,0.0,OTHER
STH-MNW01,2__HMANW000,ScottishPower Energy Retail,G,0.0,OTHER
STH-MSG01,,,,,OTHER
STH-NPE01,2__HNATP000,Npower Commercial Gas Limited,G,80.0,OTHER
STH-OCT01,2__HMRCY000,Octopus Energy Limited,G,835.8,OTHER
STH-OGA01,2__HOGAS000,British Gas Trading Ltd,G,0.0,OTHER
STH-PGE01,2__HEMEB000,E.ON Energy Solutions Limited,G,0.0,OTHER
STH-PGU01,2__HPGEN000,E.ON UK LTD,G,0.0,OTHER
STH-SEE01,2__HSEEB000,EDF Energy Customers Limited,G,0.0,OTHER
STH-SEL01,2__HSMAR000,Smartestenergy Limited,G,0.0,OTHER
STH-SPC01,2__HSPOW000,ScottishPower Energy Retail,G,0.0,OTHER
STH-SSE01,2__HHYDE000,OVO Electricity Ltd,G,0.0,OTHER
STH-STH01,2__HSOUT000,OVO Electricity Ltd,G,0.0,OTHER
STH-SWA01,2__HSWAE000,OVO Electricity Ltd,G,0.0,OTHER
STH-SWT01,2__HSWEB000,EDF Energy Customers Limited,G,0.0,OTHER
STH-TFE01,2__HTGPL000,TotalEnergies Gas & Power Ltd,G,912.53,OTHER
STLGW-1,T_STLGW-1,Stronelairg Windfarm Limited,T,108.0,WIND
STLGW-2,T_STLGW-2,Stronelairg Windfarm Limited,T,108.0,WIND
STLGW-3,T_STLGW-3,Stronelairg Windfarm Limited,T,108.0,WIND
STPSW-1,,,,,WIND
STRHW-1,E_STRHW-1,ENGIE Power Limited,E,36.667,WIND
STRNW-1,T_STRNW-1,Strathy Wind Farm Limited,T,70.0,WIND
STVE-1,,,,,NPSHYD
STVE-2,,,,,NPSHYD
SUDME-1,E_SUDME-1,Conrad Energy (Trading) Ltd,E,40.0,GAS
SUNDB-1,T_SUNDB-1,Pivoted Power LLP,T,50.246,BATTERIES
SUTB-1,T_SUTB-1,SUTTON BRIDGE POWER GENERATION,T,850.0,CCGT
SUTBS-1,T_SUTBS-1,EDF Energy Customers Limited,T,49.419,SOLAR
SVRP-10,T_SVRP-10,Severn Power Limited,T,425.0,GAS
SVRP-20,T_SVRP-20,Severn Power Limited,T,425.0,GAS
SWA-ATL01,2__KIMPO000,SSE Energy Supply Limited,G,0.0,OTHER
SWA-AXPO1,2__KAXPO000,AXPO UK LIMITED,G,3.0,OTHER
SWA-BET01,,,,,OTHER
SWA-BGS01,2__KBGAS000,British Gas Trading Ltd,G,1.973,OTHER
SWA-BIZ01,2__KBIZZ000,British Gas Trading Ltd,G,4.0,OTHER
SWA-EDF01,2__KEDFE000,EDF Energy Customers Limited,G,0.0,OTHER
SWA-EDR01,2__KEDIR000,British Gas Trading Ltd,G,0.0,OTHER
SWA-ENR01,2__KENRD000,British Gas Trading Ltd,G,40.0,OTHER
SWA-EON01,2__KEOND000,E.ON Next Energy Ltd,G,26.0,OTHER
SWA-GDF01,2__KRWED000,ENGIE Power Limited,G,56.0,OTHER
SWA-HPW01,2__KHPOW000,Drax Energy Solutions Limited,G,5.5,OTHER
SWA-HVN01,2__KHAVE000,Drax Energy Solutions Limited,G,99.22,OTHER
SWA-LON01,2__KLOND000,EDF Energy Customers Limited,G,36.0,OTHER
SWA-MID01,2__KMIDE000,Npower Limited,G,0.0,OTHER
SWA-MNW01,2__KMANW000,ScottishPower Energy Retail,G,0.0,OTHER
SWA-MSG01,,,,,OTHER
SWA-NPE01,2__KNATP000,Npower Commercial Gas Limited,G,34.0,OTHER
SWA-OCT01,2__KMRCY000,Octopus Energy Limited,G,205.8,OTHER
SWA-OGA01,2__KOGAS000,British Gas Trading Ltd,G,0.0,OTHER
SWA-PGE01,2__KEMEB000,E.ON Energy Solutions Limited,G,0.0,OTHER
SWA-PGU01,2__KPGEN000,E.ON UK LTD,G,0.0,OTHER
SWA-SEE01,2__KSEEB000,EDF Energy Customers Limited,G,0.0,OTHER
SWA-SEL01,2__KSMAR000,Smartestenergy Limited,G,0.0,OTHER
SWA-SPC01,2__KSPOW000,ScottishPower Energy Retail,G,0.0,OTHER
SWA-SSE01,2__KHYDE000,OVO Electricity Ltd,G,0.0,OTHER
SWA-STH01,2__KSOUT000,OVO Electricity Ltd,G,0.0,OTHER
SWA-SWA01,2__KSWAE000,OVO Electricity Ltd,G,0.0,OTHER
SWA-SWT01,2__KSWEB000,EDF Energy Customers Limited,G,0.0,OTHER
SWA-TFE01,2__KTGPL000,TotalEnergies Gas & Power Ltd,G,100.0,OTHER
SWA-UKP01,2__KUKPR000,UK Power Reserve Limited,G,66.0,OTHER
SWBKW-1,E_SWBKW-1,Vattenfall Energy Trading,E,34.0,WIND
SWDNB-1,E_SWDNB-1,Conrad Energy (Trading) Ltd,E,19.0,BATTERIES
SWGTB-1,2__MCMRO003,BGI Trading Limited,S,50.0,BATTERIES
SWT-ATL01,2__LIMPO000,SSE Energy Supply Limited,G,0.0,OTHER
SWT-AXPO1,2__LAXPO000,AXPO UK LIMITED,G,30.0,OTHER
SWT-BET01,,,,,OTHER
SWT-BGS01,2__LBGAS000,British Gas Trading Ltd,G,3.804,OTHER
SWT-BIZ01,2__LBIZZ000,British Gas Trading Ltd,G,0.0,OTHER
SWT-EDF01,2__LEDFE000,EDF Energy Customers Limited,G,0.0,OTHER
SWT-EDR01,2__LEDIR000,British Gas Trading Ltd,G,0.0,OTHER
SWT-ENR01,2__LENRD000,British Gas Trading Ltd,G,24.0,OTHER
SWT-EON01,2__LEOND000,E.ON Next Energy Ltd,G,2.0,OTHER
SWT-GDF01,2__LRWED000,ENGIE Power Limited,G,72.0,OTHER
SWT-HPW01,2__LHPOW000,Drax Energy Solutions Limited,G,0.0,OTHER
SWT-HVN01,2__LHAVE000,Drax Energy Solutions Limited,G,29.72,OTHER
SWT-LON01,2__LLOND000,EDF Energy Customers Limited,G,90.0,OTHER
SWT-MID01,2__LMIDE000,Npower Limited,G,0.0,OTHER
SWT-MNW01,2__LMANW000,ScottishPower Energy Retail,G,0.0,OTHER
SWT-MSG01,,,,,OTHER
SWT-NPE01,2__LNATP000,Npower Commercial Gas Limited,G,32.0,OTHER
SWT-OCT01,2__LMRCY000,Octopus Energy Limited,G,387.52,OTHER
SWT-OGA01,2__LOGAS000,British Gas Trading Ltd,G,0.0,OTHER
SWT-PGE01,2__LEMEB000,E.ON Energy Solutions Limited,G,0.0,OTHER
SWT-PGU01,2__LPGEN000,E.ON UK LTD,G,0.0,OTHER
SWT-SEE01,2__LSEEB000,EDF Energy Customers Limited,G,0.0,OTHER
SWT-SEL01,2__LSMAR000,Smartestenergy Limited,G,0.0,OTHER
SWT-SPC01,2__LSPOW000,ScottishPower Energy Retail,G,0.1,OTHER
SWT-SSE01,2__LHYDE000,OVO Electricity Ltd,G,0.0,OTHER
SWT-STH01,2__LSOUT000,OVO Electricity Ltd,G,0.0,OTHER
SWT-SWA01,2__LSWAE000,OVO Electricity Ltd,G,0.0,OTHER
SWT-SWT01,2__LSWEB000,EDF Energy Customers Limited,G,2.0,OTHER
SWT-TFE01,2__LTGPL000,TotalEnergies Gas & Power Ltd,G,205.511,OTHER
SZJNB-1,T_SZJNB-1,Arenko Cleantech Limited,T,0.0,BATTERIES
TACHW-1,2__PSMAE003,Smartestenergy Limited,S,12.9,WIND
TANGW-1,,,,,WIND
TAYL2G,E_TAYL2G,Uniper UK Limited,E,72.0,OCGT
TAYL3G,E_TAYL3G,Uniper UK Limited,E,72.0,OCGT
TDBNW-1,T_TDBNW-1,SSE Generation Ltd,T,31.6,WIND
TDRVE-1,E_TDRVE-1,Conrad Energy (Trading) Ltd,E,6.0,GAS
TEBWB-1,T_TEBWB-1,Arenko Cleantech Limited,T,39.9,BATTERIES
TEBWS-1,T_TEBWS-1,Sundon Green Limited,T,45.928,SOLAR
THMRB-1,E_THMRB-1,Tesla Motors Limited,E,49.5,BATTERIES
THNTO-1,T_THNTO-1,Thanet Offshore Wind Limited,T,287.699,WIND
THNTO-2,T_THNTO-2,Thanet Offshore Wind Limited,T,230.159,WIND
THNTW-1,,,,,WIND
THNTW-2,,,,,WIND
THRNL-1,E_THRNL-1,Whitetower Energy Limited,E,50.0,OCGT
THRSC-1,T_THRSC-1,Flexitricity Limited,T,0.0,LOAD RESPONSE
THUPG-1,T_THUPG-1,THURROCK POWER LIMITED,T,180.0,GAS
THUPG-2,T_THUPG-2,THURROCK POWER LIMITED,T,170.0,GAS
THUPG-3,T_THUPG-3,THURROCK POWER LIMITED,T,100.0,GAS
THURB-1,T_THURB-1,THURROCK STORAGE LIMITED,T,100.0,BATTERIES
THURB-2,T_THURB-2,THURROCK STORAGE LIMITED,T,100.0,BATTERIES
THURB-3,T_THURB-3,THURROCK STORAGE LIMITED,T,100.0,BATTERIES
TIBG-1,E_TGP1,ESBIG Trading Ltd,E,43.0,OTHER
TILB0G,,,,,OCGT
TILB7G,,,,,OCGT
TILB8G,,,,,OCGT
TILB9G,,,,,OCGT
TINSD-1,T_TINSD-1,Npower Commercial Gas Limited,T,0.0,OTHER
TKNEW-1,T_TKNEW-1,Triton Knoll Offshore Wind,T,412.0,WIND
TKNWW-1,T_TKNWW-1,Triton Knoll Offshore Wind,T,412.0,WIND
TLYMW-1,E_TLYMW-1,EDF Energy Customers Limited,E,13.856,WIND
TMNCW-1,C__PSTAT011,Statkraft Markets Gmbh,S,40.0,WIND
TMWLW-1,,,,,WIND
TODSD-1,T_TODSD-1,Drax Energy Solutions Limited,T,2.0,OTHER
TOLLB-1,E_TOLLB-1,Tollgate Energy Storage Ltd,E,49.0,BATTERIES
TONG-1,,,,,NPSHYD
TONG-2,,,,,NPSHYD
TONG-3,,,,,NPSHYD
TORA-1,,,,,NPSHYD
TORA-2,,,,,NPSHYD
TORN-1,T_TORN-1,EDF Energy Nuclear Generation,T,652.0,NUCLEAR
TORN-2,T_TORN-2,EDF Energy Nuclear Generation,T,700.0,NUCLEAR
TORND-1,T_TORN-D,EDF Energy Nuclear Generation,T,0.0,OTHER
TORQB-1,E_TORQB-1,Conrad Energy (Trading) Ltd,E,22.364,BATTERIES
TRFPK-1,E_TRFPK-1,Conrad Energy (Trading) Ltd,E,14.0,GAS
TRLGW-1,T_TRLGW-1,Smartestenergy Limited,T,18.742,WIND
TRMFD-1,T__KYELT003,AXPO UK LIMITED,T,2.0,OTHER
TSREP-1,T_TSREP-1,MGT TEESSIDE LTD.,T,285.0,BIOMASS
TULWW-1,E_TULWW-1,Eneco Energy Trade,E,17.0,WIND
TULWW-2,E_TULWW-2,Eneco Energy Trade,E,25.0,WIND
TUMB-1,,,,,NPSHYD
TUMB-2,,,,,NPSHYD
TWSHW-1,T_TWSHW-1,Twentyshilling Limited,T,37.8,WIND
TYLNB-1,T_TYLNB-1,Pivoted Power LLP,T,59.152,BATTERIES
TYLNS-1,T_TYLNS-1,DAMSONGREEN ENERGYFARM LIMITED,T,49.9,SOLAR
T_IRNAB-1,,,,,OTHER
UF_PGP02,,,,,BATTERIES
UNPKD-1,,,,,OTHER
UNPKD-2,,,,,OTHER
USKM-13,T_USKM-13,SIMEC Uskmouth Power Limited,T,14.0,COAL
USKM-14,T_USKM-14,Marble Power Limited,T,0.0,COAL
USKM-15,T_USKM-15,Marble Power Limited,T,0.0,COAL
USKMB-2,T_USKMB-2,E.ON UK Battery Storage,T,57.5,BATTERIES
USKMB-3,T_USKMB-3,E.ON UK Battery Storage,T,57.5,BATTERIES
USKMB-4,T_USKMB-4,UES Asset 1 Limited,T,57.5,BATTERIES
USKMB-5,T_USKMB-5,UES Asset 1 Limited,T,57.5,BATTERIES
VKING-2,E_VKING-2,Whitetower Energy Limited,E,50.0,OCGT
VKNGW-1,T_VKNGW-1,Viking Energy Wind Farm LLP,T,121.8,WIND
VKNGW-2,T_VKNGW-2,Viking Energy Wind Farm LLP,T,121.8,WIND
VKNGW-3,T_VKNGW-3,Viking Energy Wind Farm LLP,T,121.8,WIND
VKNGW-4,T_VKNGW-4,Viking Energy Wind Farm LLP,T,121.8,WIND
WBUGT-1,T_WBUGT-1,EDF Energy (Thermal Generation,T,21.94,OCGT
WBUGT-4,T_WBUGT-4,EDF Energy (Thermal Generation,T,21.0,OCGT
WBUPS-1,T_WBUPS-1,EDF Energy (Thermal Generation,T,484.0,COAL
WBUPS-2,T_WBUPS-2,EDF Energy (Thermal Generation,T,503.7,COAL
WBUPS-3,T_WBUPS-3,EDF Energy (Thermal Generation,T,503.0,COAL
WBUPS-4,T_WBUPS-4,EDF Energy (Thermal Generation,T,489.0,COAL
WBURB-1,T_WBURB-1,West Burton B Limited,T,470.0,CCGT
WBURB-2,T_WBURB-2,West Burton B Limited,T,470.0,CCGT
WBURB-3,T_WBURB-3,West Burton B Limited,T,470.0,CCGT
WBURB-41,T_WBURB-41,West Burton B Limited,T,31.0,CCGT
WBURB-43,T_WBURB-43,West Burton B Limited,T,31.0,BATTERIES
WDNSO-1,T_WDNSO-1,Morecambe Wind Limited,T,197.0,WIND
WDNSO-2,T_WDNSO-2,Morecambe Wind Limited,T,201.0,WIND
WDNSW-1,,,,,WIND
WDNSW-2,,,,,WIND
WDRGW-1,T_WDRGW-1,Windy Rig Wind Farm Limited,T,42.8,WIND
WETHW-1,,,,,WIND
WHIHW-1,T_WHIHW-1,Whiteside Hill,T,27.52,WIND
WHILW-1,T_WHILW-1,SP Renewables (UK) Limited,T,309.0,WIND
WHILW-2,T_WHILW-2,SP Renewables (UK) Limited,T,206.0,WIND
WHLWB-1,T_WHLWB-1,SP Renewables (UK) Limited,T,50.2,BATTERIES
WHTBB-1,E_WHTBB-1,Field Whitebirk Ltd,E,25.0,BATTERIES
WHTLD-1,T_WHISTLD-1,EDF Energy Customers Limited,T,0.0,OTHER
WILCT-1,T_WILCT-1,SembCorp Utilities (UK) Ltd,T,182.0,CCGT
WINN-1,,,,,CCGT
WISHB-1,T_WISHB-1,Zenobe Wishaw Limited,T,51.0,BATTERIES
WISTW-2,T_WISTW-2,BROCKLOCH RIG WINDFARM LTD,T,61.5,WIND
WLBRB-1,,,,,OTHER
WLNYO-2,T_WLNYO-2,Walney Offshore Windfarms Ltd,T,183.6,WIND
WLNYO-3,T_WLNYO-3,Walney Extension Ltd,T,345.22,WIND
WLNYO-4,T_WLNYO-4,Walney Extension Ltd,T,330.0,WIND
WLNYW-1,T_WLNYW-1,Walney Offshore Windfarms Ltd,T,182.0,WIND
WNCHB-1,E_WNCHB-1,Conrad Energy (Trading) Ltd,E,19.0,BATTERIES
WNCRB-1,V__HFEEL400,EDF Energy Limited,V,30.0,BATTERIES
WOLVB-1,E_WOLVB-1,EDF Energy Customers Limited,E,56.0,BATTERIES
WTGRW-1,,,,,WIND
WTGTB-1,T_WTGTB-1,HD144WHI Ltd,T,58.0,BATTERIES
WTMSO-1,T_WTMSO-1,Westermost Rough Limited,T,205.0,WIND
WTRLN-1,E_WTRLN-1,Conrad Energy (Trading) Ltd,E,20.0,GAS
WTRSB-1,2__GCMRO002,BGI Trading Limited,S,14.0,BATTERIES
YEP-ATL01,2__MIMPO000,SSE Energy Supply Limited,G,43.8,OTHER
YEP-AXPO1,2__MAXPO000,AXPO UK LIMITED,G,95.0,OTHER
YEP-BET01,,,,,OTHER
YEP-BGS01,2__MBGAS000,British Gas Trading Ltd,G,3.093,OTHER
YEP-BIZ01,2__MBIZZ000,British Gas Trading Ltd,G,0.0,OTHER
YEP-EDF01,2__MEDFE000,EDF Energy Customers Limited,G,0.0,OTHER
YEP-EDR01,2__MEDIR000,British Gas Trading Ltd,G,0.0,OTHER
YEP-ENR01,2__MENRD000,British Gas Trading Ltd,G,40.0,OTHER
YEP-EON01,2__MEOND000,E.ON Next Energy Ltd,G,2.0,OTHER
YEP-GDF01,2__MRWED000,ENGIE Power Limited,G,26.0,OTHER
YEP-HPW01,2__MHPOW000,Drax Energy Solutions Limited,G,4.0,OTHER
YEP-HVN01,2__MHAVE000,Drax Energy Solutions Limited,G,120.24,OTHER
YEP-LON01,2__MLOND000,EDF Energy Customers Limited,G,16.0,OTHER
YEP-MID01,2__MMIDE000,Npower Limited,G,0.0,OTHER
YEP-MNW01,2__MMANW000,ScottishPower Energy Retail,G,0.0,OTHER
YEP-MSG01,,,,,OTHER
YEP-NPE01,2__MNATP000,Npower Commercial Gas Limited,G,78.0,OTHER
YEP-OCT01,2__MMRCY000,Octopus Energy Limited,G,520.24,OTHER
YEP-OGA01,2__MOGAS000,British Gas Trading Ltd,G,0.0,OTHER
YEP-PGE01,2__MEMEB000,E.ON Energy Solutions Limited,G,0.0,OTHER
YEP-PGU01,2__MPGEN000,E.ON UK LTD,G,0.0,OTHER
YEP-PGU02,,,,,GAS
YEP-PGU03,,,,,GAS
YEP-SEE01,2__MSEEB000,EDF Energy Customers Limited,G,0.0,OTHER
YEP-SEL01,2__MSMAR000,Smartestenergy Limited,G,0.0,OTHER
YEP-SPC01,2__MSPOW000,ScottishPower Energy Retail,G,0.0,OTHER
YEP-SSE01,2__MHYDE000,OVO Electricity Ltd,G,0.0,OTHER
YEP-STH01,2__MSOUT000,OVO Electricity Ltd,G,0.0,OTHER
YEP-SWA01,2__MSWAE000,OVO Electricity Ltd,G,0.0,OTHER
YEP-SWT01,2__MSWEB000,EDF Energy Customers Limited,G,0.0,OTHER
YEP-TFE01,2__MTGPL000,TotalEnergies Gas & Power Ltd,G,64.0,OTHER
ZEN02A,V__AZENO002,BESS Holdco 2 Limited,V,0.0,BATTERIES
